set,family_id,item_id,condition,model,raw_response,parsed_choice_letter,parsed_choice_semantic,gold_letter,gold_semantic,hit_gold,parse_failed
confirmatory,F01,F01_bare,bare,deepseek-v3,B,B,neutral,C,statement,False,False
confirmatory,F01,F01_ba,ba,deepseek-v3,B,B,neutral,D,confirmation,False,False
confirmatory,F01,F01_ma,ma,deepseek-v3,B,B,neutral,B,neutral,True,False
confirmatory,F02,F02_bare,bare,deepseek-v3,D,D,neutral,C,statement,False,False
confirmatory,F02,F02_ba,ba,deepseek-v3,D,D,neutral,B,confirmation,False,False
confirmatory,F02,F02_ma,ma,deepseek-v3,D,D,neutral,D,neutral,True,False
confirmatory,F04,F04_bare,bare,deepseek-v3,C,C,neutral,A,statement,False,False
confirmatory,F04,F04_ba,ba,deepseek-v3,D,D,confirmation,D,confirmation,True,False
confirmatory,F04,F04_ma,ma,deepseek-v3,D,D,confirmation,C,neutral,False,False
confirmatory,F07,F07_bare,bare,deepseek-v3,B,B,statement,B,statement,True,False
confirmatory,F07,F07_ba,ba,deepseek-v3,A,A,confirmation,A,confirmation,True,False
confirmatory,F07,F07_ma,ma,deepseek-v3,B,B,statement,C,neutral,False,False
confirmatory,F14,F14_bare,bare,deepseek-v3,C,C,neutral,B,statement,False,False
confirmatory,F14,F14_ba,ba,deepseek-v3,C,C,neutral,D,confirmation,False,False
confirmatory,F14,F14_ma,ma,deepseek-v3,C,C,neutral,C,neutral,True,False
confirmatory,F15,F15_bare,bare,deepseek-v3,D,D,neutral,B,statement,False,False
confirmatory,F15,F15_ba,ba,deepseek-v3,D) 阿新只是在询问阿雅阿杰明天是否会来聚餐，没有明显倾向,D,neutral,A,confirmation,False,False
confirmatory,F15,F15_ma,ma,deepseek-v3,D,D,neutral,D,neutral,True,False
confirmatory,F16,F16_bare,bare,deepseek-v3,B,B,neutral,A,statement,False,False
confirmatory,F16,F16_ba,ba,deepseek-v3,B,B,neutral,C,confirmation,False,False
confirmatory,F16,F16_ma,ma,deepseek-v3,B) 小涵只是在询问大家小欣晚点是否也会来视频，没有明显倾向,B,neutral,B,neutral,True,False
confirmatory,F17,F17_bare,bare,deepseek-v3,D,D,neutral,A,statement,False,False
confirmatory,F17,F17_ba,ba,deepseek-v3,D,D,neutral,B,confirmation,False,False
confirmatory,F17,F17_ma,ma,deepseek-v3,D,D,neutral,D,neutral,True,False
confirmatory,F20,F20_bare,bare,deepseek-v3,B,B,neutral,A,statement,False,False
confirmatory,F20,F20_ba,ba,deepseek-v3,B,B,neutral,C,confirmation,False,False
confirmatory,F20,F20_ma,ma,deepseek-v3,B,B,neutral,B,neutral,True,False
confirmatory,F21,F21_bare,bare,deepseek-v3,B,B,neutral,D,statement,False,False
confirmatory,F21,F21_ba,ba,deepseek-v3,B,B,neutral,A,confirmation,False,False
confirmatory,F21,F21_ma,ma,deepseek-v3,B,B,neutral,B,neutral,True,False
confirmatory,F23,F23_bare,bare,deepseek-v3,D,D,neutral,B,statement,False,False
confirmatory,F23,F23_ba,ba,deepseek-v3,D,D,neutral,A,confirmation,False,False
confirmatory,F23,F23_ma,ma,deepseek-v3,D) 小林只是在询问那场比赛是否是校内赛，没有明显倾向,D,neutral,D,neutral,True,False
confirmatory,F24,F24_bare,bare,deepseek-v3,D,D,neutral,B,statement,False,False
confirmatory,F24,F24_ba,ba,deepseek-v3,C,C,confirmation,C,confirmation,True,False
confirmatory,F24,F24_ma,ma,deepseek-v3,D,D,neutral,D,neutral,True,False
confirmatory,F25,F25_bare,bare,deepseek-v3,C,C,neutral,D,statement,False,False
confirmatory,F25,F25_ba,ba,deepseek-v3,C,C,neutral,B,confirmation,False,False
confirmatory,F25,F25_ma,ma,deepseek-v3,C,C,neutral,C,neutral,True,False
confirmatory,F27,F27_bare,bare,deepseek-v3,C,C,neutral,D,statement,False,False
confirmatory,F27,F27_ba,ba,deepseek-v3,C,C,neutral,A,confirmation,False,False
confirmatory,F27,F27_ma,ma,deepseek-v3,C,C,neutral,C,neutral,True,False
confirmatory,F28,F28_bare,bare,deepseek-v3,A) 小吴只是在询问旧系统目前还能不能用，没有明显倾向,A,neutral,D,statement,False,False
confirmatory,F28,F28_ba,ba,deepseek-v3,A,A,neutral,C,confirmation,False,False
confirmatory,F28,F28_ma,ma,deepseek-v3,A,A,neutral,A,neutral,True,False
confirmatory,F30,F30_bare,bare,deepseek-v3,A,A,neutral,C,statement,False,False
confirmatory,F30,F30_ba,ba,deepseek-v3,A,A,neutral,D,confirmation,False,False
confirmatory,F30,F30_ma,ma,deepseek-v3,A,A,neutral,A,neutral,True,False
confirmatory,F32,F32_bare,bare,deepseek-v3,B,B,neutral,C,statement,False,False
confirmatory,F32,F32_ba,ba,deepseek-v3,B,B,neutral,A,confirmation,False,False
confirmatory,F32,F32_ma,ma,deepseek-v3,B,B,neutral,B,neutral,True,False
confirmatory,F34,F34_bare,bare,deepseek-v3,B,B,confirmation,C,statement,False,False
confirmatory,F34,F34_ba,ba,deepseek-v3,B,B,confirmation,B,confirmation,True,False
confirmatory,F34,F34_ma,ma,deepseek-v3,由于对话情景中没有提供小吴具体说的那句话，无法准确判断其态度。请补充小吴的原话内容，以便进行准确分析并选择最接近的选项。,,,D,neutral,False,True
confirmatory,F35,F35_bare,bare,deepseek-v3,B,B,neutral,A,statement,False,False
confirmatory,F35,F35_ba,ba,deepseek-v3,B,B,neutral,D,confirmation,False,False
confirmatory,F35,F35_ma,ma,deepseek-v3,B,B,neutral,B,neutral,True,False
confirmatory,F36,F36_bare,bare,deepseek-v3,B,B,confirmation,A,statement,False,False
confirmatory,F36,F36_ba,ba,deepseek-v3,C) 小宋只是在询问评审结果是否下周一出来，没有明显倾向,C,neutral,B,confirmation,False,False
confirmatory,F36,F36_ma,ma,deepseek-v3,C) 小宋只是在询问评审结果是否下周一出来，没有明显倾向,C,neutral,C,neutral,True,False
exploratory,F06,F06_bare,bare,deepseek-v3,B,B,statement,B,statement,True,False
exploratory,F06,F06_ba,ba,deepseek-v3,由于对话情景中没有提供佳佳具体说了什么话，无法准确判断其态度。请提供佳佳的具体话语内容，以便进行准确分析。,,,B,statement,False,True
exploratory,F06,F06_ma,ma,deepseek-v3,B,B,statement,D,neutral,False,False
exploratory,F11,F11_bare,bare,deepseek-v3,A) 小张只是在询问小周是否是这门课的助教，没有明显倾向,A,neutral,B,statement,False,False
exploratory,F11,F11_ba,ba,deepseek-v3,A,A,neutral,C,confirmation,False,False
exploratory,F11,F11_ma,ma,deepseek-v3,A) 小张只是在询问小周是否是这门课的助教，没有明显倾向,A,neutral,C,confirmation,False,False
exploratory,F12,F12_bare,bare,deepseek-v3,C,C,neutral,D,statement,False,False
exploratory,F12,F12_ba,ba,deepseek-v3,C,C,neutral,B,confirmation,False,False
exploratory,F12,F12_ma,ma,deepseek-v3,C,C,neutral,B,confirmation,False,False
exploratory,F13,F13_bare,bare,deepseek-v3,B,B,neutral,C,statement,False,False
exploratory,F13,F13_ba,ba,deepseek-v3,B,B,neutral,A,confirmation,False,False
exploratory,F13,F13_ma,ma,deepseek-v3,B,B,neutral,A,confirmation,False,False
exploratory,F18,F18_bare,bare,deepseek-v3,A,A,neutral,D,statement,False,False
exploratory,F18,F18_ba,ba,deepseek-v3,A,A,neutral,A,neutral,True,False
exploratory,F18,F18_ma,ma,deepseek-v3,A,A,neutral,A,neutral,True,False
exploratory,F33,F33_bare,bare,deepseek-v3,A,A,neutral,D,statement,False,False
exploratory,F33,F33_ba,ba,deepseek-v3,A) 小梁只是在询问银杏下个月是否会变黄，没有明显倾向,A,neutral,D,statement,False,False
exploratory,F33,F33_ma,ma,deepseek-v3,A,A,neutral,C,confirmation,False,False
confirmatory,F01,F01_bare,bare,deepseek-r1-0528,B,B,neutral,C,statement,False,False
confirmatory,F01,F01_ba,ba,deepseek-r1-0528,B,B,neutral,D,confirmation,False,False
confirmatory,F01,F01_ma,ma,deepseek-r1-0528,B,B,neutral,B,neutral,True,False
confirmatory,F02,F02_bare,bare,deepseek-r1-0528,D,D,neutral,C,statement,False,False
confirmatory,F02,F02_ba,ba,deepseek-r1-0528,D,D,neutral,B,confirmation,False,False
confirmatory,F02,F02_ma,ma,deepseek-r1-0528,"情景中小林的具体话语缺失，无法基于内容判断态度。但根据选项描述，所有选项均涉及小林对电影周五上映的态度，且情景中朋友们在聊新电影，小林随后发言。由于话语未提供，无法准确匹配态度，但选项D（小林只是在询问电影是不是周五上映，没有明显倾向）是最中性的默认选择，符合一般群聊中询问信息的常见情形。

答案：D",D,neutral,D,neutral,True,False
confirmatory,F04,F04_bare,bare,deepseek-r1-0528,C,C,neutral,A,statement,False,False
confirmatory,F04,F04_ba,ba,deepseek-r1-0528,"
D",D,confirmation,D,confirmation,True,False
confirmatory,F04,F04_ma,ma,deepseek-r1-0528,C,C,neutral,C,neutral,True,False
confirmatory,F07,F07_bare,bare,deepseek-r1-0528,C,C,neutral,B,statement,False,False
confirmatory,F07,F07_ba,ba,deepseek-r1-0528,C,C,neutral,A,confirmation,False,False
confirmatory,F07,F07_ma,ma,deepseek-r1-0528,C,C,neutral,C,neutral,True,False
confirmatory,F14,F14_bare,bare,deepseek-r1-0528,C,C,neutral,B,statement,False,False
confirmatory,F14,F14_ba,ba,deepseek-r1-0528,"
D",D,confirmation,D,confirmation,True,False
confirmatory,F14,F14_ma,ma,deepseek-r1-0528,C,C,neutral,C,neutral,True,False
confirmatory,F15,F15_bare,bare,deepseek-r1-0528,D,D,neutral,B,statement,False,False
confirmatory,F15,F15_ba,ba,deepseek-r1-0528,D,D,neutral,A,confirmation,False,False
confirmatory,F15,F15_ma,ma,deepseek-r1-0528,D,D,neutral,D,neutral,True,False
confirmatory,F16,F16_bare,bare,deepseek-r1-0528,C,C,confirmation,A,statement,False,False
confirmatory,F16,F16_ba,ba,deepseek-r1-0528,C,C,confirmation,C,confirmation,True,False
confirmatory,F16,F16_ma,ma,deepseek-r1-0528,C,C,confirmation,B,neutral,False,False
confirmatory,F17,F17_bare,bare,deepseek-r1-0528,D,D,neutral,A,statement,False,False
confirmatory,F17,F17_ba,ba,deepseek-r1-0528,D,D,neutral,B,confirmation,False,False
confirmatory,F17,F17_ma,ma,deepseek-r1-0528,D,D,neutral,D,neutral,True,False
confirmatory,F20,F20_bare,bare,deepseek-r1-0528,B,B,neutral,A,statement,False,False
confirmatory,F20,F20_ba,ba,deepseek-r1-0528,"
C",C,confirmation,C,confirmation,True,False
confirmatory,F20,F20_ma,ma,deepseek-r1-0528,B,B,neutral,B,neutral,True,False
confirmatory,F21,F21_bare,bare,deepseek-r1-0528,A,A,confirmation,D,statement,False,False
confirmatory,F21,F21_ba,ba,deepseek-r1-0528,A,A,confirmation,A,confirmation,True,False
confirmatory,F21,F21_ma,ma,deepseek-r1-0528,B,B,neutral,B,neutral,True,False
confirmatory,F23,F23_bare,bare,deepseek-r1-0528,"
D",D,neutral,B,statement,False,False
confirmatory,F23,F23_ba,ba,deepseek-r1-0528,D,D,neutral,A,confirmation,False,False
confirmatory,F23,F23_ma,ma,deepseek-r1-0528,"由于情景中未提供小林的具体话语，无法准确判断其态度。但基于对话上下文（朋友们聊大学足球比赛）和选项分析，小林发话最可能是在询问比赛性质，因此选择D。

D",D,neutral,D,neutral,True,False
confirmatory,F24,F24_bare,bare,deepseek-r1-0528,C,C,confirmation,B,statement,False,False
confirmatory,F24,F24_ba,ba,deepseek-r1-0528,C,C,confirmation,C,confirmation,True,False
confirmatory,F24,F24_ma,ma,deepseek-r1-0528,C,C,confirmation,D,neutral,False,False
confirmatory,F25,F25_bare,bare,deepseek-r1-0528,B,B,confirmation,D,statement,False,False
confirmatory,F25,F25_ba,ba,deepseek-r1-0528,B,B,confirmation,B,confirmation,True,False
confirmatory,F25,F25_ma,ma,deepseek-r1-0528,C,C,neutral,C,neutral,True,False
confirmatory,F27,F27_bare,bare,deepseek-r1-0528,C,C,neutral,D,statement,False,False
confirmatory,F27,F27_ba,ba,deepseek-r1-0528,C,C,neutral,A,confirmation,False,False
confirmatory,F27,F27_ma,ma,deepseek-r1-0528,C,C,neutral,C,neutral,True,False
confirmatory,F28,F28_bare,bare,deepseek-r1-0528,C,C,confirmation,D,statement,False,False
confirmatory,F28,F28_ba,ba,deepseek-r1-0528,A,A,neutral,C,confirmation,False,False
confirmatory,F28,F28_ma,ma,deepseek-r1-0528,A,A,neutral,A,neutral,True,False
confirmatory,F30,F30_bare,bare,deepseek-r1-0528,D,D,confirmation,C,statement,False,False
confirmatory,F30,F30_ba,ba,deepseek-r1-0528,D,D,confirmation,D,confirmation,True,False
confirmatory,F30,F30_ma,ma,deepseek-r1-0528,D,D,confirmation,A,neutral,False,False
confirmatory,F32,F32_bare,bare,deepseek-r1-0528,A,A,confirmation,C,statement,False,False
confirmatory,F32,F32_ba,ba,deepseek-r1-0528,A,A,confirmation,A,confirmation,True,False
confirmatory,F32,F32_ma,ma,deepseek-r1-0528,B,B,neutral,B,neutral,True,False
confirmatory,F34,F34_bare,bare,deepseek-r1-0528,B,B,confirmation,C,statement,False,False
confirmatory,F34,F34_ba,ba,deepseek-r1-0528,D,D,neutral,B,confirmation,False,False
confirmatory,F34,F34_ma,ma,deepseek-r1-0528,B,B,confirmation,D,neutral,False,False
confirmatory,F35,F35_bare,bare,deepseek-r1-0528,D,D,confirmation,A,statement,False,False
confirmatory,F35,F35_ba,ba,deepseek-r1-0528,D,D,confirmation,D,confirmation,True,False
confirmatory,F35,F35_ma,ma,deepseek-r1-0528,D,D,confirmation,B,neutral,False,False
confirmatory,F36,F36_bare,bare,deepseek-r1-0528,B,B,confirmation,A,statement,False,False
confirmatory,F36,F36_ba,ba,deepseek-r1-0528,B,B,confirmation,B,confirmation,True,False
confirmatory,F36,F36_ma,ma,deepseek-r1-0528,C,C,neutral,C,neutral,True,False
exploratory,F06,F06_bare,bare,deepseek-r1-0528,C,C,confirmation,B,statement,False,False
exploratory,F06,F06_ba,ba,deepseek-r1-0528,D,D,neutral,B,statement,False,False
exploratory,F06,F06_ma,ma,deepseek-r1-0528,C,C,confirmation,D,neutral,False,False
exploratory,F11,F11_bare,bare,deepseek-r1-0528,C,C,confirmation,B,statement,False,False
exploratory,F11,F11_ba,ba,deepseek-r1-0528,C,C,confirmation,C,confirmation,True,False
exploratory,F11,F11_ma,ma,deepseek-r1-0528,C,C,confirmation,C,confirmation,True,False
exploratory,F12,F12_bare,bare,deepseek-r1-0528,C,C,neutral,D,statement,False,False
exploratory,F12,F12_ba,ba,deepseek-r1-0528,C,C,neutral,B,confirmation,False,False
exploratory,F12,F12_ma,ma,deepseek-r1-0528,C,C,neutral,B,confirmation,False,False
exploratory,F13,F13_bare,bare,deepseek-r1-0528,B,B,neutral,C,statement,False,False
exploratory,F13,F13_ba,ba,deepseek-r1-0528,B,B,neutral,A,confirmation,False,False
exploratory,F13,F13_ma,ma,deepseek-r1-0528,A,A,confirmation,A,confirmation,True,False
exploratory,F18,F18_bare,bare,deepseek-r1-0528,B,B,confirmation,D,statement,False,False
exploratory,F18,F18_ba,ba,deepseek-r1-0528,B,B,confirmation,A,neutral,False,False
exploratory,F18,F18_ma,ma,deepseek-r1-0528,B,B,confirmation,A,neutral,False,False
exploratory,F33,F33_bare,bare,deepseek-r1-0528,C,C,confirmation,D,statement,False,False
exploratory,F33,F33_ba,ba,deepseek-r1-0528,C,C,confirmation,D,statement,False,False
exploratory,F33,F33_ma,ma,deepseek-r1-0528,C,C,confirmation,C,confirmation,True,False
confirmatory,F01,F01_bare,bare,qwen3-next-80b,D,D,confirmation,C,statement,False,False
confirmatory,F01,F01_ba,ba,qwen3-next-80b,D,D,confirmation,D,confirmation,True,False
confirmatory,F01,F01_ma,ma,qwen3-next-80b,D,D,confirmation,B,neutral,False,False
confirmatory,F02,F02_bare,bare,qwen3-next-80b,B,B,confirmation,C,statement,False,False
confirmatory,F02,F02_ba,ba,qwen3-next-80b,B,B,confirmation,B,confirmation,True,False
confirmatory,F02,F02_ma,ma,qwen3-next-80b,B,B,confirmation,D,neutral,False,False
confirmatory,F04,F04_bare,bare,qwen3-next-80b,D,D,confirmation,A,statement,False,False
confirmatory,F04,F04_ba,ba,qwen3-next-80b,D,D,confirmation,D,confirmation,True,False
confirmatory,F04,F04_ma,ma,qwen3-next-80b,D,D,confirmation,C,neutral,False,False
confirmatory,F07,F07_bare,bare,qwen3-next-80b,A,A,confirmation,B,statement,False,False
confirmatory,F07,F07_ba,ba,qwen3-next-80b,A,A,confirmation,A,confirmation,True,False
confirmatory,F07,F07_ma,ma,qwen3-next-80b,A,A,confirmation,C,neutral,False,False
confirmatory,F14,F14_bare,bare,qwen3-next-80b,D,D,confirmation,B,statement,False,False
confirmatory,F14,F14_ba,ba,qwen3-next-80b,D,D,confirmation,D,confirmation,True,False
confirmatory,F14,F14_ma,ma,qwen3-next-80b,D,D,confirmation,C,neutral,False,False
confirmatory,F15,F15_bare,bare,qwen3-next-80b,A,A,confirmation,B,statement,False,False
confirmatory,F15,F15_ba,ba,qwen3-next-80b,A,A,confirmation,A,confirmation,True,False
confirmatory,F15,F15_ma,ma,qwen3-next-80b,A,A,confirmation,D,neutral,False,False
confirmatory,F16,F16_bare,bare,qwen3-next-80b,C,C,confirmation,A,statement,False,False
confirmatory,F16,F16_ba,ba,qwen3-next-80b,C,C,confirmation,C,confirmation,True,False
confirmatory,F16,F16_ma,ma,qwen3-next-80b,C,C,confirmation,B,neutral,False,False
confirmatory,F17,F17_bare,bare,qwen3-next-80b,D,D,neutral,A,statement,False,False
confirmatory,F17,F17_ba,ba,qwen3-next-80b,D,D,neutral,B,confirmation,False,False
confirmatory,F17,F17_ma,ma,qwen3-next-80b,D,D,neutral,D,neutral,True,False
confirmatory,F20,F20_bare,bare,qwen3-next-80b,C,C,confirmation,A,statement,False,False
confirmatory,F20,F20_ba,ba,qwen3-next-80b,C,C,confirmation,C,confirmation,True,False
confirmatory,F20,F20_ma,ma,qwen3-next-80b,C,C,confirmation,B,neutral,False,False
confirmatory,F21,F21_bare,bare,qwen3-next-80b,D,D,statement,D,statement,True,False
confirmatory,F21,F21_ba,ba,qwen3-next-80b,D,D,statement,A,confirmation,False,False
confirmatory,F21,F21_ma,ma,qwen3-next-80b,D,D,statement,B,neutral,False,False
confirmatory,F23,F23_bare,bare,qwen3-next-80b,A,A,confirmation,B,statement,False,False
confirmatory,F23,F23_ba,ba,qwen3-next-80b,A,A,confirmation,A,confirmation,True,False
confirmatory,F23,F23_ma,ma,qwen3-next-80b,A,A,confirmation,D,neutral,False,False
confirmatory,F24,F24_bare,bare,qwen3-next-80b,C,C,confirmation,B,statement,False,False
confirmatory,F24,F24_ba,ba,qwen3-next-80b,C,C,confirmation,C,confirmation,True,False
confirmatory,F24,F24_ma,ma,qwen3-next-80b,C,C,confirmation,D,neutral,False,False
confirmatory,F25,F25_bare,bare,qwen3-next-80b,B,B,confirmation,D,statement,False,False
confirmatory,F25,F25_ba,ba,qwen3-next-80b,B,B,confirmation,B,confirmation,True,False
confirmatory,F25,F25_ma,ma,qwen3-next-80b,B,B,confirmation,C,neutral,False,False
confirmatory,F27,F27_bare,bare,qwen3-next-80b,D,D,statement,D,statement,True,False
confirmatory,F27,F27_ba,ba,qwen3-next-80b,D,D,statement,A,confirmation,False,False
confirmatory,F27,F27_ma,ma,qwen3-next-80b,D,D,statement,C,neutral,False,False
confirmatory,F28,F28_bare,bare,qwen3-next-80b,C,C,confirmation,D,statement,False,False
confirmatory,F28,F28_ba,ba,qwen3-next-80b,C,C,confirmation,C,confirmation,True,False
confirmatory,F28,F28_ma,ma,qwen3-next-80b,C,C,confirmation,A,neutral,False,False
confirmatory,F30,F30_bare,bare,qwen3-next-80b,C,C,statement,C,statement,True,False
confirmatory,F30,F30_ba,ba,qwen3-next-80b,C,C,statement,D,confirmation,False,False
confirmatory,F30,F30_ma,ma,qwen3-next-80b,C,C,statement,A,neutral,False,False
confirmatory,F32,F32_bare,bare,qwen3-next-80b,A,A,confirmation,C,statement,False,False
confirmatory,F32,F32_ba,ba,qwen3-next-80b,A,A,confirmation,A,confirmation,True,False
confirmatory,F32,F32_ma,ma,qwen3-next-80b,A,A,confirmation,B,neutral,False,False
confirmatory,F34,F34_bare,bare,qwen3-next-80b,B,B,confirmation,C,statement,False,False
confirmatory,F34,F34_ba,ba,qwen3-next-80b,B,B,confirmation,B,confirmation,True,False
confirmatory,F34,F34_ma,ma,qwen3-next-80b,B,B,confirmation,D,neutral,False,False
confirmatory,F35,F35_bare,bare,qwen3-next-80b,D,D,confirmation,A,statement,False,False
confirmatory,F35,F35_ba,ba,qwen3-next-80b,D,D,confirmation,D,confirmation,True,False
confirmatory,F35,F35_ma,ma,qwen3-next-80b,D,D,confirmation,B,neutral,False,False
confirmatory,F36,F36_bare,bare,qwen3-next-80b,C,C,neutral,A,statement,False,False
confirmatory,F36,F36_ba,ba,qwen3-next-80b,C,C,neutral,B,confirmation,False,False
confirmatory,F36,F36_ma,ma,qwen3-next-80b,C,C,neutral,C,neutral,True,False
exploratory,F06,F06_bare,bare,qwen3-next-80b,C,C,confirmation,B,statement,False,False
exploratory,F06,F06_ba,ba,qwen3-next-80b,C,C,confirmation,B,statement,False,False
exploratory,F06,F06_ma,ma,qwen3-next-80b,C,C,confirmation,D,neutral,False,False
exploratory,F11,F11_bare,bare,qwen3-next-80b,C,C,confirmation,B,statement,False,False
exploratory,F11,F11_ba,ba,qwen3-next-80b,C,C,confirmation,C,confirmation,True,False
exploratory,F11,F11_ma,ma,qwen3-next-80b,C,C,confirmation,C,confirmation,True,False
exploratory,F12,F12_bare,bare,qwen3-next-80b,B,B,confirmation,D,statement,False,False
exploratory,F12,F12_ba,ba,qwen3-next-80b,B,B,confirmation,B,confirmation,True,False
exploratory,F12,F12_ma,ma,qwen3-next-80b,B,B,confirmation,B,confirmation,True,False
exploratory,F13,F13_bare,bare,qwen3-next-80b,C,C,statement,C,statement,True,False
exploratory,F13,F13_ba,ba,qwen3-next-80b,C,C,statement,A,confirmation,False,False
exploratory,F13,F13_ma,ma,qwen3-next-80b,C,C,statement,A,confirmation,False,False
exploratory,F18,F18_bare,bare,qwen3-next-80b,D,D,statement,D,statement,True,False
exploratory,F18,F18_ba,ba,qwen3-next-80b,D,D,statement,A,neutral,False,False
exploratory,F18,F18_ma,ma,qwen3-next-80b,D,D,statement,A,neutral,False,False
exploratory,F33,F33_bare,bare,qwen3-next-80b,C,C,confirmation,D,statement,False,False
exploratory,F33,F33_ba,ba,qwen3-next-80b,C,C,confirmation,D,statement,False,False
exploratory,F33,F33_ma,ma,qwen3-next-80b,C,C,confirmation,C,confirmation,True,False
confirmatory,F01,F01_bare,bare,gemma-4-31b,"由于你提供的情景中缺失了小周具体说的话（对话内容），我无法根据文本进行判断。

**但如果这是一个测试题，且小周说的话是类似“刚才那个人是这里的负责人吧？”或“刚才那位应该是负责人吧？”这类带有语气助词的疑问句，那么正确答案通常是：**

**D**",D,confirmation,C,statement,False,False
confirmatory,F01,F01_ba,ba,gemma-4-31b,"由于您提供的对话情景中缺失了小周具体说的话（只有背景描述，没有具体台词），我无法根据文本内容进行判断。

**但如果这是一个测试题，且小周说的话是类似“刚才那个人是负责人吧？”或“刚才那位应该是负责人吧？”这类带有疑问语气但倾向于肯定的句子，那么答案通常是：**

D",D,confirmation,D,confirmation,True,False
confirmatory,F01,F01_ma,ma,gemma-4-31b,"由于您提供的对话情景中缺失了小周具体说的话（只有背景描述，没有具体台词），我无法根据文本内容进行判断。

**但如果小周说的是类似“刚才那位是这里的负责人吧？”或“刚才那个人应该是负责人吧？”这类带有疑问语气词或推测词的句子，答案通常是 D。**

请提供小周的具体话语，以便我给出准确的选项字母。",D,confirmation,B,neutral,False,False
confirmatory,F02,F02_bare,bare,gemma-4-31b,"由于你没有提供小林具体说了什么话（对话情景中缺失了小林的发言内容），我无法做出判断。

**请提供小林发送的具体文字，我将立即为你输出选项字母。**",,,C,statement,False,True
confirmatory,F02,F02_ba,ba,gemma-4-31b,"由于你提供的对话情景中缺失了小林具体发送的“这句话”，我无法进行判断。

**请提供小林所说的具体内容，我将立即为你输出选项字母。**",,,B,confirmation,False,True
confirmatory,F02,F02_ma,ma,gemma-4-31b,"由于您提供的情景中缺失了小林具体说的话（对话内容为空），我无法根据文本进行判断。

**请提供小林发送的具体句子，我将立即为您输出选项字母。**",,,D,neutral,False,True
confirmatory,F04,F04_bare,bare,gemma-4-31b,"由于你提供的对话情景中缺失了小林具体说的话（只有“小林说：”之后是空白），我无法根据具体语境判断。

**但如果这句话是“他是不是小张的舍友呀？”或“他应该是小张的舍友吧？”，通常这类在八卦情景下的询问倾向于 D。**

请提供小林具体说的话，我将为你给出准确的选项字母。",D,confirmation,A,statement,False,False
confirmatory,F04,F04_ba,ba,gemma-4-31b,"由于你提供的对话情景中缺失了小林具体说的话（只有“小林说：”但后面没有内容），我无法根据文本进行分析。

**请提供小林说的那句话，我将立即为你输出选项字母。**",,,D,confirmation,False,True
confirmatory,F04,F04_ma,ma,gemma-4-31b,"由于你提供的对话情景中缺失了小林具体说的话（只有背景描述，没有具体台词），我无法根据文本内容进行判断。

**但如果这是一个测试题，且小林说的话是类似“他是不是小张的舍友？”或“他应该是小张的舍友吧？”这类带有猜测语气的话，通常答案倾向于 D。**

请提供小林具体说的话，我将为你给出准确的选项字母。",D,confirmation,C,neutral,False,False
confirmatory,F07,F07_bare,bare,gemma-4-31b,"由于你提供的对话情景中缺失了小姜具体说的那句话（对话内容为空），我无法根据具体文本进行分析。

但如果这是一个典型的逻辑测试题，且小姜说的话是类似**“那间会议室现在应该是空的吧？”**或**“那间现在空着吗？”**，通常对应的答案是 **A** 或 **C**。

**请提供小姜具体说的话，我将为你给出准确的选项字母。**",A,confirmation,B,statement,False,False
confirmatory,F07,F07_ba,ba,gemma-4-31b,"由于您提供的情景中缺失了小姜具体说的“这句话”的内容，我无法进行判断。

**请提供小姜所说的具体话语（例如：“那间现在应该是空的吧？”或“那间现在空着。”），我将立即为您输出选项字母。**",,,A,confirmation,False,True
confirmatory,F07,F07_ma,ma,gemma-4-31b,"由于你提供的对话情景中缺失了小姜具体说的那句话（对话内容为空），我无法根据具体文本进行判断。

**但如果这是一个逻辑测试题，且小姜说的话是类似“那间会议室现在应该是空的吧？”或“那间会议室现在空着吗？”这类带有推测性或询问性的句子：**

*   如果语气是**推测+确认** $\rightarrow$ 选 **A**
*   如果语气是**陈述事实** $\rightarrow$ 选 **B**
*   如果语气是**纯粹询问** $\rightarrow$ 选 **C**

**请提供小姜具体说的话，我将为你给出准确的字母选项。**",C,neutral,C,neutral,True,False
confirmatory,F14,F14_bare,bare,gemma-4-31b,"由于你提供的情景中缺失了小陈具体说的那句话（对话内容为空），我无法根据具体文本进行判断。

但如果这是一个逻辑测试题，且小陈说的话是类似**“小李应该也看了吧？”**或**“小李肯定也看了”**，那么答案通常是 **D**。

**请提供小陈具体说的那句话，我将为你给出准确的选项字母。**",D,confirmation,B,statement,False,False
confirmatory,F14,F14_ba,ba,gemma-4-31b,"由于你提供的对话情景中缺失了小陈具体说的那句话（对话内容为空），我无法根据具体文本进行判断。

但如果这是一个逻辑测试题，且小陈说的话是类似**“小李应该也看了吧？”**或**“小李肯定也看了”**之类的话，那么答案通常是 **D**。

**请提供小陈具体说的话，以便我给出准确答案。**",D,confirmation,D,confirmation,True,False
confirmatory,F14,F14_ma,ma,gemma-4-31b,"由于你提供的对话情景中缺失了小陈具体说的那句话（对话内容为空），我无法根据具体文本进行判断。

但如果这是一个逻辑测试题，且小陈说的话是类似**“小李应该也看了吧？”**或**“小李肯定也看了”**之类的话，那么答案通常是 **D**。

**请提供小陈具体说的话，以便我给出准确答案。**",D,confirmation,C,neutral,False,False
confirmatory,F15,F15_bare,bare,gemma-4-31b,"由于您在问题中没有提供阿新具体说了什么（对话内容缺失），我无法根据文本进行判断。

**请提供阿新说的那句话，我将立即为您输出选项字母。**",,,B,statement,False,True
confirmatory,F15,F15_ba,ba,gemma-4-31b,"由于您提供的对话情景中缺失了阿新具体说的“那句话”，我无法进行分析。

**请提供阿新所说的具体话语，我将立即为您输出选项字母。**",,,A,confirmation,False,True
confirmatory,F15,F15_ma,ma,gemma-4-31b,"由于你提供的对话情景中缺失了阿新具体说的那句话（对话内容为空），我无法根据具体文本进行判断。

**但如果这是一个测试题且你漏掉了文本，请提供阿新说的那句话。**

如果这句话是类似 **“阿杰明天也来吧？”**（带有确认语气的疑问句），答案通常是 **A**。
如果这句话是 **“阿杰明天也会来的。”**（陈述句），答案通常是 **B**。
如果这句话是 **“阿杰明天来吗？”**（纯粹询问），答案通常是 **D**。

**请提供具体对话内容，我将为你输出正确选项字母。**",D,neutral,D,neutral,True,False
confirmatory,F16,F16_bare,bare,gemma-4-31b,"由于你提供的对话情景中缺失了小涵具体说的话（只有背景描述，没有具体台词），我无法根据文本内容进行判断。

**请提供小涵说的那句话，我将立即为你输出选项字母。**",,,A,statement,False,True
confirmatory,F16,F16_ba,ba,gemma-4-31b,"由于你提供的情景中缺失了小涵具体说的那句话，我无法进行分析。

**请提供小涵说的话，我将立即为你输出选项字母。**",,,C,confirmation,False,True
confirmatory,F16,F16_ma,ma,gemma-4-31b,由于你提供的情景中缺失了小涵具体说的那句话，我无法进行分析。请提供小涵说的话，我将立即为你输出选项字母。,,,B,neutral,False,True
confirmatory,F17,F17_bare,bare,gemma-4-31b,"由于你没有提供小齐具体说的话（对话内容缺失），我无法根据文本进行判断。

**请提供小齐在群里说的具体话语，我将立即为你输出选项字母。**",,,A,statement,False,True
confirmatory,F17,F17_ba,ba,gemma-4-31b,"由于你没有提供小齐具体说的话（对话内容缺失），我无法根据文本进行判断。

**请提供小齐说的那句话，我将立即为你输出选项字母。**",,,B,confirmation,False,True
confirmatory,F17,F17_ma,ma,gemma-4-31b,由于你没有提供小齐具体说的那句话，我无法进行判断。**请提供小齐说的话**，我将立即为你输出选项字母。,,,D,neutral,False,True
confirmatory,F20,F20_bare,bare,gemma-4-31b,"由于你提供的对话情景中缺失了小赵具体说的话（对话内容为空），无法进行判断。

**请提供小赵发送的具体文字，我将立即为你输出选项字母。**",,,A,statement,False,True
confirmatory,F20,F20_ba,ba,gemma-4-31b,由于你没有提供小赵具体发送的文字内容，我无法进行判断。请提供小赵说的那句话。,,,C,confirmation,False,True
confirmatory,F20,F20_ma,ma,gemma-4-31b,"由于你提供的对话情景中缺失了小赵具体说的那句话，我无法进行判断。

**请提供小赵发送的具体文字内容。**",,,B,neutral,False,True
confirmatory,F21,F21_bare,bare,gemma-4-31b,"由于您提供的情景中缺失了小林具体说的那句话，但根据选项的逻辑推断，这通常是一个关于语境和语气判断的题目。

如果小林说的是类似**“那家店是不是小雨家开的？”**（带有询问语气），且在已知小雨家有花店且新店开在旁边这个背景下，这种表达通常带有“猜测并寻求确认”的倾向。

但在没有具体对话内容的情况下，无法给出绝对答案。**请提供小林具体说的话**。

若这是一个测试题且必须在现有选项中选择，通常此类题目考察的是“背景知识 $\rightarrow$ 产生推测 $\rightarrow$ 寻求确认”的心理过程，最符合逻辑的选项通常是 **A**。

**答案：A**",A,confirmation,D,statement,False,False
confirmatory,F21,F21_ba,ba,gemma-4-31b,"由于你提供的情景中缺失了小林具体说的“那句话”，但根据选项的设计逻辑，这通常是一个考察语境和语气推断的题目。

如果小林说的是**“那是小雨家开的店吧？”**（带有疑问语气但有倾向），答案是 **A**。
如果小林说的是**“那是小雨家开的店吗？”**（纯粹询问），答案是 **B**。
如果小林说的是**“那是小雨家开的店。”**（陈述事实），答案是 **D**。

**但基于你给出的情景描述（新店开在小雨家两家店旁边），最符合常理的心理逻辑是：** 看到新店位置如此特殊，小林会产生“这可能是小雨家新开的分店”的猜测，并寻求确认。

由于你未给出具体对话内容，无法给出绝对准确的答案。**请提供小林说的那句话。**",D,statement,A,confirmation,False,False
confirmatory,F21,F21_ma,ma,gemma-4-31b,"由于您提供的情景中缺失了小林具体说的那句话，但根据常见的对话逻辑和选项设置，这类题目通常考察的是对特定语气词或句式的判断。

然而，在您给出的文本中，**小林说的话被省略了**（“小林看到那家花店后说了一句：”后面是空白）。

**如果这句话是“那家店是小雨家开的吧？”** $\rightarrow$ 答案是 **A**
**如果这句话是“那家店是不是小雨家开的？”** $\rightarrow$ 答案是 **B**
**如果这句话是“那家店是小雨家开的。”** $\rightarrow$ 答案是 **D**

由于缺少关键对话内容，无法给出唯一正确答案。**请提供小林具体说的话，我将立即为您输出选项字母。**",D,statement,B,neutral,False,False
confirmatory,F23,F23_bare,bare,gemma-4-31b,"由于你提供的对话情景中，小林具体说的话（引号内的内容）缺失了，我无法看到他具体说了什么。

**请提供小林说的那句话，我将立即为你输出选项字母。**",,,B,statement,False,True
confirmatory,F23,F23_ba,ba,gemma-4-31b,"由于您提供的对话情景中，小林具体说的话（引号内的内容）缺失了，我无法根据文本进行判断。

**但如果这是一个测试题，且小林说的话是类似“那场比赛应该是校内赛吧？”或“那场比赛是校内赛吧？”**，那么最符合的选项通常是 **A**。

请提供小林具体说的话，我将为您给出准确答案。",A,confirmation,A,confirmation,True,False
confirmatory,F23,F23_ma,ma,gemma-4-31b,"由于你提供的情景中缺失了小林具体说的话（对话内容为空），我无法根据文本进行判断。

**但如果这是一个测试题且你漏掉了关键句，请提供小林说的话。**

如果小林说的是：
*   “那场比赛是校内赛吧？” $\rightarrow$ 答案是 **A**
*   “那场比赛是校内赛。” $\rightarrow$ 答案是 **B**
*   “那场比赛是校内赛吗？” $\rightarrow$ 答案是 **D**

**请补充小林的发言内容，我将立即为你输出选项字母。**",D,neutral,D,neutral,True,False
confirmatory,F24,F24_bare,bare,gemma-4-31b,"由于你没有提供小陈具体说了什么话（对话情景中缺失了小陈发送的具体文字），我无法进行判断。

**请提供小陈说的那句话，我将立即为你输出选项字母。**",,,B,statement,False,True
confirmatory,F24,F24_ba,ba,gemma-4-31b,"由于你提供的对话情景中缺失了小陈具体说的那句话（对话内容为空），我无法根据文本进行分析。

**请提供小陈说的话，我将立即为你输出正确选项的字母。**",,,C,confirmation,False,True
confirmatory,F24,F24_ma,ma,gemma-4-31b,"由于你提供的对话情景中缺失了小陈具体说的话（对话内容为空），我无法根据文本进行判断。

**请提供小陈发送的具体文字内容，我将立即为你输出选项字母。**",,,D,neutral,False,True
confirmatory,F25,F25_bare,bare,gemma-4-31b,"由于您提供的对话情景中缺失了小赵具体说的那句话（对话内容为空），我无法根据具体语境进行判断。

**但如果这是一个测试题且您漏掉了关键句子，请提供小赵说的话。**

如果这句话是类似 **“现在老小区停车费是不是按月收了？”** 或 **“听说现在停车费按月收了？”**，通常的逻辑分析如下：
*   如果是纯粹的询问 $\rightarrow$ C
*   如果是基于传闻的确认 $\rightarrow$ B
*   如果是陈述事实 $\rightarrow$ D

**请补充小赵的具体话语，我将立即为您输出选项字母。**",D,statement,D,statement,True,False
confirmatory,F25,F25_ba,ba,gemma-4-31b,由于你提供的情景中缺失了小赵具体说的那句话，我无法进行分析。请提供小赵所说的具体话语。,,,B,confirmation,False,True
confirmatory,F25,F25_ma,ma,gemma-4-31b,"由于您提供的对话情景中缺失了小赵具体说的那句话（对话内容为空），我无法根据具体文本进行判断。

**但如果这是一个逻辑测试题，且小赵的话是类似“现在停车费是按月收的吧？”或“听说现在停车费按月收了？”这种带有确认语气的询问，最符合社交语境的选项通常是 B。**

如果您能提供小赵具体说的话，我将为您给出准确的选项字母。",B,confirmation,C,neutral,False,False
confirmatory,F27,F27_bare,bare,gemma-4-31b,"由于你提供的情景中缺失了小李具体说的话（对话内容为空），我无法根据文本进行分析。

但如果这是一个逻辑测试题，且小李说的话是类似**“山脚那段步道最近积水是不是很严重？”**这种询问句，结合上下文（最近经常下雨 $\rightarrow$ 产生担忧 $\rightarrow$ 询问确认），最符合社交语境的答案通常是 **A**。

**请提供小李具体说的话，以便我给出准确答案。**",A,confirmation,D,statement,False,False
confirmatory,F27,F27_ba,ba,gemma-4-31b,"由于您在问题中没有提供小李具体说了什么话（对话内容缺失），我无法根据文本进行分析。

但如果这是一个逻辑测试题，且小李说的话是类似**“山脚那段步道最近是不是积水很严重？”**这样带有反问或确认语气的句子，结合背景（最近经常下雨），最符合社交语境的答案通常是 **A**。

**请提供小李的具体话语，以便我给出准确的选项。**",A,confirmation,A,confirmation,True,False
confirmatory,F27,F27_ma,ma,gemma-4-31b,"由于您在问题中没有提供小李具体说了什么话（对话内容缺失），我无法根据文本进行分析。

但如果这是一个逻辑测试题，且小李说的话是类似**“山脚那段步道最近是不是积水很严重？”**这样带有反问或确认语气的句子，结合背景（最近经常下雨），最符合社交语境的答案通常是 **A**。

**请提供小李的具体话语，以便我给出准确的选项。**",A,confirmation,C,neutral,False,False
confirmatory,F28,F28_bare,bare,gemma-4-31b,"由于你提供的对话情景中缺失了小吴具体说的那句话（“小吴说了一句：”后面是空白），我无法根据具体文本进行判断。

**请提供小吴所说的具体话语，我将立即为你输出选项字母。**",,,D,statement,False,True
confirmatory,F28,F28_ba,ba,gemma-4-31b,"由于你提供的对话情景中缺失了小吴具体说的那句话（对话内容为空），我无法根据具体文本进行判断。

**但如果你是希望我基于一个典型的逻辑推断题进行模拟，或者你漏掉了关键句子，请提供小吴说的话。**

如果这句话是类似 **“那台旧电脑现在还能用吗？”** $\rightarrow$ 答案是 **A**。
如果这句话是类似 **“旧系统应该还能用，你确认一下？”** $\rightarrow$ 答案是 **C**。
如果这句话是类似 **“旧系统还能用，直接去查就行。”** $\rightarrow$ 答案是 **D**。

**请提供小吴的具体话语，我将立即为你输出选项字母。**",D,statement,C,confirmation,False,False
confirmatory,F28,F28_ma,ma,gemma-4-31b,"由于你提供的对话情景中缺失了小吴具体说的那句话，我无法进行判断。

**请提供小吴说的那句话，我将立即为你输出选项字母。**",,,A,neutral,False,True
confirmatory,F30,F30_bare,bare,gemma-4-31b,"由于您提供的对话情景中缺失了小佳具体说的那句话，我无法根据文本内容进行判断。

**但如果这句话是类似“小亮是不是会两门外语？”或“小亮应该会两门外语吧？”这种带有确认倾向的询问，答案通常是 D。**

请提供小佳的具体话语，以便我给出准确的选项字母。",D,confirmation,C,statement,False,False
confirmatory,F30,F30_ba,ba,gemma-4-31b,"由于你提供的对话情景中缺失了小佳具体说的那句话，我无法根据文本内容进行判断。

**但如果你是指在常见的逻辑测试或特定语境中，小佳说的是类似“小亮是不是会两门外语？”或“小亮应该会两门外语吧？”这类带有倾向性的询问，答案通常是 D。**

请提供小佳的具体话语，以便我给出准确的选项字母。",D,confirmation,D,confirmation,True,False
confirmatory,F30,F30_ma,ma,gemma-4-31b,"由于您提供的对话情景中缺失了小佳具体说的那句话，我无法根据文本内容进行判断。

**但如果这句话是类似“小亮是不是会两门外语？”或“小亮应该会两门外语吧？”这种带有确认倾向的询问，答案通常是 D。**

请提供小佳的具体话语，以便我给出准确的选项字母。",D,confirmation,A,neutral,False,False
confirmatory,F32,F32_bare,bare,gemma-4-31b,"由于你没有提供小林具体说了什么话（对话内容缺失），我无法进行判断。

**请提供小林说的那句话，我将立即为你输出选项字母。**",,,C,statement,False,True
confirmatory,F32,F32_ba,ba,gemma-4-31b,"由于你没有提供小林具体说了什么话（对话内容缺失），我无法进行判断。

**请提供小林说的那句话，我将立即为你输出选项字母。**",,,A,confirmation,False,True
confirmatory,F32,F32_ma,ma,gemma-4-31b,"由于你没有提供小林具体说了什么话（对话内容缺失），我无法进行判断。

**请提供小林说的那句话，我将立即为你输出选项字母。**",,,B,neutral,False,True
confirmatory,F34,F34_bare,bare,gemma-4-31b,"由于你提供的对话情景中缺失了小吴具体说的那句话，我无法进行分析。

**请提供小吴说的那句话，我将立即为你输出选项字母。**",,,C,statement,False,True
confirmatory,F34,F34_ba,ba,gemma-4-31b,"由于您提供的对话情景中缺失了小吴具体说的那句话，我无法进行分析。

**请提供小吴所说的具体话语，我将立即为您输出选项字母。**",,,B,confirmation,False,True
confirmatory,F34,F34_ma,ma,gemma-4-31b,"由于你提供的对话情景中缺失了小吴具体说的那句话，我无法进行判断。

**请提供小吴所说的具体话语，我将立即为你输出选项字母。**",,,D,neutral,False,True
confirmatory,F35,F35_bare,bare,gemma-4-31b,"由于你提供的对话情景中缺失了小张具体说的那句话，我无法进行分析。

**请提供小张说的那句话，我将立即为你输出选项字母。**",,,A,statement,False,True
confirmatory,F35,F35_ba,ba,gemma-4-31b,"由于你提供的对话情景中缺失了小张具体说的那句话，我无法进行判断。

**请提供小张说的那句话，我将立即为你输出选项字母。**",,,D,confirmation,False,True
confirmatory,F35,F35_ma,ma,gemma-4-31b,"由于你提供的对话情景中缺失了小张具体说的那句话，我无法直接分析。但根据选项的逻辑推断，这通常是一道考察语境和语气词（如“小陈是不是下周四？”或“小陈应该是下周四吧？”）的题目。

**请提供小张说的那句话，我将立即为你输出正确选项字母。**",,,B,neutral,False,True
confirmatory,F36,F36_bare,bare,gemma-4-31b,"由于你提供的对话情景中缺失了小宋具体说的那句话（对话内容为空），我无法根据文本进行判断。

**请提供小宋发送的具体文字内容，我将立即为你输出选项字母。**",,,A,statement,False,True
confirmatory,F36,F36_ba,ba,gemma-4-31b,"由于你提供的对话情景中缺失了小宋具体说的那句话（文本中显示为“小宋在群里发了一句：”后为空白），我无法根据具体语词进行判断。

**请提供小宋所说的具体话语，我将立即为你输出选项字母。**",,,B,confirmation,False,True
confirmatory,F36,F36_ma,ma,gemma-4-31b,"由于你没有提供小宋具体说的话（对话内容缺失），我无法根据文本进行判断。

**请提供小宋在群里发的那句话，我将立即为你输出选项字母。**",,,C,neutral,False,True
exploratory,F06,F06_bare,bare,gemma-4-31b,"由于你提供的对话情景中缺失了佳佳具体说的那句话（文本在“佳佳说了一句：”之后中断了），我无法根据具体语境判断其态度。

**请提供佳佳说的那句话，我将立即为你输出选项字母。**",,,B,statement,False,True
exploratory,F06,F06_ba,ba,gemma-4-31b,"由于你提供的对话情景中缺失了佳佳具体说的那句话，我无法根据具体语境判断。

但如果这句话是**“涵涵是不是去过巴黎呀？”**或**“涵涵去过巴黎吧？”**，那么最符合的选项通常是 **C**。

**请提供佳佳具体说的话，以便我给出准确答案。**",C,confirmation,B,statement,False,False
exploratory,F06,F06_ma,ma,gemma-4-31b,"由于你提供的情景中缺失了佳佳具体说的“那句话”，我无法根据具体语境判断。

但如果这句话是**“涵涵是不是去过巴黎呀？”**或**“涵涵去过巴黎吧？”**，那么最符合的选项通常是 **C**。

**请提供佳佳具体说的话，以便我给出准确答案。**",C,confirmation,D,neutral,False,False
exploratory,F11,F11_bare,bare,gemma-4-31b,"由于你提供的对话情景中缺失了小张具体说的那句话，我无法根据文本内容进行判断。

**请提供小张所说的具体话语**，我将立即为你输出选项字母。",,,B,statement,False,True
exploratory,F11,F11_ba,ba,gemma-4-31b,"由于你提供的对话情景中缺失了小张具体说的那句话（对话内容为空），我无法根据具体文本进行分析。

**但如果这是一个测试题且你漏掉了文本，请提供小张说的话。**

如果这句话是类似 **“小周是这门课的助教吧？”** $\rightarrow$ 答案是 **C**。
如果这句话是 **“小周是这门课的助教吗？”** $\rightarrow$ 答案是 **A**。
如果这句话是 **“小周是这门课的助教。”** $\rightarrow$ 答案是 **B**。

**请补充小张的具体话语，我将为你输出选项字母。**",B,statement,C,confirmation,False,False
exploratory,F11,F11_ma,ma,gemma-4-31b,"由于你没有提供小张具体说了什么话（对话情景中缺失了小张的具体发言内容），我无法进行判断。

**请提供小张说的那句话，我将立即为你输出选项字母。**",,,C,confirmation,False,True
exploratory,F12,F12_bare,bare,gemma-4-31b,"由于你提供的对话情景中缺失了小孙具体说的那句话，我无法直接分析。

**但如果小孙说的是类似“那家公司是不是搬到新址了？”或“他们是不是搬家了？”这类句子：**

答案通常是 **B**。

（注：请提供小孙的具体话语，以便我给出准确判断。）",B,confirmation,D,statement,False,False
exploratory,F12,F12_ba,ba,gemma-4-31b,"由于你提供的情景中缺失了小孙具体说的那句话，我无法直接分析。但根据你给出的选项逻辑，这通常是一道考察**语气词/句式**（如“是不是搬到新址了？” vs “搬到新址了。”）的语义分析题。

**请提供小孙具体说的话，我将立即为你输出选项字母。**",,,B,confirmation,False,True
exploratory,F12,F12_ma,ma,gemma-4-31b,"由于你提供的情景中缺失了小孙具体说的话（对话内容为空），我无法根据文本进行分析。

**但如果这是一个测试题，且小孙说的话是类似“那家公司是不是搬新址了？”或“他们是不是搬家了？”**，通常这类句式在中文语境中带有一定的“倾向性猜测”，最符合的选项通常是 **B**。

**请提供小孙具体说的话，我将为你给出准确答案。**",B,confirmation,B,confirmation,True,False
exploratory,F13,F13_bare,bare,gemma-4-31b,"由于你提供的对话情景中缺失了小王具体说的那句话（对话在“小王随后说了一句：”之后中断了），我无法根据具体文本进行判断。

**请提供小王说的那句话，我将立即为你输出选项字母。**",,,C,statement,False,True
exploratory,F13,F13_ba,ba,gemma-4-31b,"由于你提供的对话情景中缺失了小王具体说的那句话（“小王随后说了一句：”后面是空白），我无法根据具体文本进行判断。

**请提供小王说的那句话，我将立即为你输出选项字母。**",,,A,confirmation,False,True
exploratory,F13,F13_ma,ma,gemma-4-31b,"由于你提供的对话情景中缺失了小王具体说的那句话（“小王随后说了一句：”后面是空白），我无法根据具体文本进行判断。

**请提供小王说的那句话，我将立即为你输出正确选项字母。**",,,A,confirmation,False,True
exploratory,F18,F18_bare,bare,gemma-4-31b,"由于你提供的情景中缺失了小林具体说的那句话（对话内容为空），我无法根据具体文本进行判断。

**但如果这是一个测试题且你漏掉了关键句，请提供小林说的话。**

如果这是一个逻辑陷阱题，且小林说的是类似“老校区最近在装修吧？”这样带有语气助词的句子，通常倾向于 **B**。但由于目前没有输入具体话语，我无法给出准确选项。",B,confirmation,D,statement,False,False
exploratory,F18,F18_ba,ba,gemma-4-31b,"由于您提供的对话情景中缺失了小林具体说的那句话（对话内容为空），我无法根据具体文本进行判断。

**但如果这是一个测试题且您漏掉了关键句子，请提供小林说的话。**

如果这句话是类似 **“老校区最近是不是在装修啊？”** $\rightarrow$ 答案通常是 **B**。
如果这句话是类似 **“老校区最近在装修。”** $\rightarrow$ 答案通常是 **D**。

请补充具体对话内容。",D,statement,A,neutral,False,False
exploratory,F18,F18_ma,ma,gemma-4-31b,"由于你提供的情景中缺失了小林具体说的那句话（对话内容为空），我无法根据具体文本进行判断。

但如果这是一个测试题且你漏掉了关键句子，请提供小林说的话。**如果这是一个逻辑陷阱题，且小林确实没有说话，则无法得出答案。**

**请提供小林说的话，我将立即为你输出选项字母。**",,,A,neutral,False,True
exploratory,F33,F33_bare,bare,gemma-4-31b,"由于你提供的情景中缺失了小梁具体说的那句话，我无法根据文本内容进行判断。

**请提供小梁说的那句话，我将立即为你输出选项字母。**",,,D,statement,False,True
exploratory,F33,F33_ba,ba,gemma-4-31b,"由于您提供的对话情景中缺失了小梁具体说的那句话，我无法根据文本内容进行判断。

**请提供小梁说的那句话，我将立即为您输出选项字母。**",,,D,statement,False,True
exploratory,F33,F33_ma,ma,gemma-4-31b,"由于你提供的对话情景中缺失了小梁具体说的那句话，我无法进行判断。

**请提供小梁所说的具体话语，我将立即为你输出选项字母。**",,,C,confirmation,False,True
confirmatory,F01,F01_bare,bare,mistral-small-3-24b,D,D,confirmation,C,statement,False,False
confirmatory,F01,F01_ba,ba,mistral-small-3-24b,D,D,confirmation,D,confirmation,True,False
confirmatory,F01,F01_ma,ma,mistral-small-3-24b,D,D,confirmation,B,neutral,False,False
confirmatory,F02,F02_bare,bare,mistral-small-3-24b,B,B,confirmation,C,statement,False,False
confirmatory,F02,F02_ba,ba,mistral-small-3-24b,B,B,confirmation,B,confirmation,True,False
confirmatory,F02,F02_ma,ma,mistral-small-3-24b,B,B,confirmation,D,neutral,False,False
confirmatory,F04,F04_bare,bare,mistral-small-3-24b,C,C,neutral,A,statement,False,False
confirmatory,F04,F04_ba,ba,mistral-small-3-24b,D,D,confirmation,D,confirmation,True,False
confirmatory,F04,F04_ma,ma,mistral-small-3-24b,C,C,neutral,C,neutral,True,False
confirmatory,F07,F07_bare,bare,mistral-small-3-24b,为了判断小姜的态度，需要了解小姜具体说了什么话。请提供小姜的具体话语。,,,B,statement,False,True
confirmatory,F07,F07_ba,ba,mistral-small-3-24b,为了判断小姜的态度，需要了解小姜具体说了什么话。请提供小姜说的话的具体内容。,,,A,confirmation,False,True
confirmatory,F07,F07_ma,ma,mistral-small-3-24b,为了判断小姜的态度，需要了解小姜具体说了什么话。请提供小姜的具体话语。,,,C,neutral,False,True
confirmatory,F14,F14_bare,bare,mistral-small-3-24b,C,C,neutral,B,statement,False,False
confirmatory,F14,F14_ba,ba,mistral-small-3-24b,C,C,neutral,D,confirmation,False,False
confirmatory,F14,F14_ma,ma,mistral-small-3-24b,C,C,neutral,C,neutral,True,False
confirmatory,F15,F15_bare,bare,mistral-small-3-24b,D,D,neutral,B,statement,False,False
confirmatory,F15,F15_ba,ba,mistral-small-3-24b,D,D,neutral,A,confirmation,False,False
confirmatory,F15,F15_ma,ma,mistral-small-3-24b,D,D,neutral,D,neutral,True,False
confirmatory,F16,F16_bare,bare,mistral-small-3-24b,为了判断小涵的态度，需要了解她具体说了什么话。请提供小涵说的话的具体内容。,,,A,statement,False,True
confirmatory,F16,F16_ba,ba,mistral-small-3-24b,C,C,confirmation,C,confirmation,True,False
confirmatory,F16,F16_ma,ma,mistral-small-3-24b,C,C,confirmation,B,neutral,False,False
confirmatory,F17,F17_bare,bare,mistral-small-3-24b,B,B,confirmation,A,statement,False,False
confirmatory,F17,F17_ba,ba,mistral-small-3-24b,B,B,confirmation,B,confirmation,True,False
confirmatory,F17,F17_ma,ma,mistral-small-3-24b,B,B,confirmation,D,neutral,False,False
confirmatory,F20,F20_bare,bare,mistral-small-3-24b,C,C,confirmation,A,statement,False,False
confirmatory,F20,F20_ba,ba,mistral-small-3-24b,C,C,confirmation,C,confirmation,True,False
confirmatory,F20,F20_ma,ma,mistral-small-3-24b,C,C,confirmation,B,neutral,False,False
confirmatory,F21,F21_bare,bare,mistral-small-3-24b,A,A,confirmation,D,statement,False,False
confirmatory,F21,F21_ba,ba,mistral-small-3-24b,A,A,confirmation,A,confirmation,True,False
confirmatory,F21,F21_ma,ma,mistral-small-3-24b,A,A,confirmation,B,neutral,False,False
confirmatory,F23,F23_bare,bare,mistral-small-3-24b,D,D,neutral,B,statement,False,False
confirmatory,F23,F23_ba,ba,mistral-small-3-24b,D,D,neutral,A,confirmation,False,False
confirmatory,F23,F23_ma,ma,mistral-small-3-24b,D,D,neutral,D,neutral,True,False
confirmatory,F24,F24_bare,bare,mistral-small-3-24b,C,C,confirmation,B,statement,False,False
confirmatory,F24,F24_ba,ba,mistral-small-3-24b,C,C,confirmation,C,confirmation,True,False
confirmatory,F24,F24_ma,ma,mistral-small-3-24b,C,C,confirmation,D,neutral,False,False
confirmatory,F25,F25_bare,bare,mistral-small-3-24b,为了判断小赵的态度，需要了解小赵具体说了什么话。请提供小赵的具体话语，以便我能更准确地判断他的态度。,,,D,statement,False,True
confirmatory,F25,F25_ba,ba,mistral-small-3-24b,为了判断小赵的态度，需要了解小赵具体说了什么话。请提供小赵的具体话语，以便我能更准确地判断他的态度。,,,B,confirmation,False,True
confirmatory,F25,F25_ma,ma,mistral-small-3-24b,为了判断小赵的态度，需要了解小赵具体说了什么话。请提供小赵的具体话语，以便我能更准确地判断他的态度。,,,C,neutral,False,True
confirmatory,F27,F27_bare,bare,mistral-small-3-24b,C,C,neutral,D,statement,False,False
confirmatory,F27,F27_ba,ba,mistral-small-3-24b,C,C,neutral,A,confirmation,False,False
confirmatory,F27,F27_ma,ma,mistral-small-3-24b,C,C,neutral,C,neutral,True,False
confirmatory,F28,F28_bare,bare,mistral-small-3-24b,C,C,confirmation,D,statement,False,False
confirmatory,F28,F28_ba,ba,mistral-small-3-24b,C,C,confirmation,C,confirmation,True,False
confirmatory,F28,F28_ma,ma,mistral-small-3-24b,C,C,confirmation,A,neutral,False,False
confirmatory,F30,F30_bare,bare,mistral-small-3-24b,D,D,confirmation,C,statement,False,False
confirmatory,F30,F30_ba,ba,mistral-small-3-24b,D,D,confirmation,D,confirmation,True,False
confirmatory,F30,F30_ma,ma,mistral-small-3-24b,D,D,confirmation,A,neutral,False,False
confirmatory,F32,F32_bare,bare,mistral-small-3-24b,B,B,neutral,C,statement,False,False
confirmatory,F32,F32_ba,ba,mistral-small-3-24b,B,B,neutral,A,confirmation,False,False
confirmatory,F32,F32_ma,ma,mistral-small-3-24b,B,B,neutral,B,neutral,True,False
confirmatory,F34,F34_bare,bare,mistral-small-3-24b,B,B,confirmation,C,statement,False,False
confirmatory,F34,F34_ba,ba,mistral-small-3-24b,B,B,confirmation,B,confirmation,True,False
confirmatory,F34,F34_ma,ma,mistral-small-3-24b,B,B,confirmation,D,neutral,False,False
confirmatory,F35,F35_bare,bare,mistral-small-3-24b,D,D,confirmation,A,statement,False,False
confirmatory,F35,F35_ba,ba,mistral-small-3-24b,"为了判断小张的态度，我们需要看小张说的话的具体内容。由于对话情景中没有提供小张具体说的话，因此无法判断小张的态度。

请提供小张具体说的话，以便进行判断。",,,D,confirmation,False,True
confirmatory,F35,F35_ma,ma,mistral-small-3-24b,为了判断小张的态度，我们需要看小张说的话的具体内容。然而，你没有提供小张具体说的话。请提供小张的具体话语，以便我能准确判断他的态度。,,,B,neutral,False,True
confirmatory,F36,F36_bare,bare,mistral-small-3-24b,C,C,neutral,A,statement,False,False
confirmatory,F36,F36_ba,ba,mistral-small-3-24b,C,C,neutral,B,confirmation,False,False
confirmatory,F36,F36_ma,ma,mistral-small-3-24b,C,C,neutral,C,neutral,True,False
exploratory,F06,F06_bare,bare,mistral-small-3-24b,C,C,confirmation,B,statement,False,False
exploratory,F06,F06_ba,ba,mistral-small-3-24b,C,C,confirmation,B,statement,False,False
exploratory,F06,F06_ma,ma,mistral-small-3-24b,C,C,confirmation,D,neutral,False,False
exploratory,F11,F11_bare,bare,mistral-small-3-24b,C,C,confirmation,B,statement,False,False
exploratory,F11,F11_ba,ba,mistral-small-3-24b,C,C,confirmation,C,confirmation,True,False
exploratory,F11,F11_ma,ma,mistral-small-3-24b,C,C,confirmation,C,confirmation,True,False
exploratory,F12,F12_bare,bare,mistral-small-3-24b,C,C,neutral,D,statement,False,False
exploratory,F12,F12_ba,ba,mistral-small-3-24b,C,C,neutral,B,confirmation,False,False
exploratory,F12,F12_ma,ma,mistral-small-3-24b,C,C,neutral,B,confirmation,False,False
exploratory,F13,F13_bare,bare,mistral-small-3-24b,B,B,neutral,C,statement,False,False
exploratory,F13,F13_ba,ba,mistral-small-3-24b,A,A,confirmation,A,confirmation,True,False
exploratory,F13,F13_ma,ma,mistral-small-3-24b,B,B,neutral,A,confirmation,False,False
exploratory,F18,F18_bare,bare,mistral-small-3-24b,B,B,confirmation,D,statement,False,False
exploratory,F18,F18_ba,ba,mistral-small-3-24b,B,B,confirmation,A,neutral,False,False
exploratory,F18,F18_ma,ma,mistral-small-3-24b,B,B,confirmation,A,neutral,False,False
exploratory,F33,F33_bare,bare,mistral-small-3-24b,为了判断小梁的态度，需要了解小梁具体说了什么话。请提供小梁的具体话语，以便我能更准确地判断他的态度。,,,D,statement,False,True
exploratory,F33,F33_ba,ba,mistral-small-3-24b,为了判断小梁的态度，需要了解小梁具体说了什么话。请提供小梁的具体话语，以便我能更准确地判断他的态度。,,,D,statement,False,True
exploratory,F33,F33_ma,ma,mistral-small-3-24b,为了判断小梁的态度，需要了解小梁具体说了什么话。请提供小梁的具体话语，以便我能更准确地判断他的态度。,,,C,confirmation,False,True
confirmatory,F01,F01_bare,bare,gemini-3-flash-preview,"由于你提供的对话情景中缺失了小周具体说的那句话，但根据这类逻辑测试题的常见语境（通常是“刚才那位就是这里的负责人吧？”或“刚才那位是不是这里的负责人？”），结合选项的细微差别：

如果小周的语气是带有确认感的询问，通常对应的是 **D**。

**答案：D**",D,confirmation,C,statement,False,False
confirmatory,F01,F01_ba,ba,gemini-3-flash-preview,"由于你提供的对话情景中缺失了小周具体说的那句话，但根据这类逻辑测试题的常见语境（通常是“刚才那位就是这里的负责人吧？”或“刚才那位是不是这里的负责人？”），结合选项的细微差别：

如果小周的语气是带有确认感的询问，通常对应的是 **D**。

**答案：D**",D,confirmation,D,confirmation,True,False
confirmatory,F01,F01_ma,ma,gemini-3-flash-preview,"由于你提供的对话情景中缺失了小周具体说的那句话，但根据这类逻辑测试题的常见语境（通常是“刚才那位就是这里的负责人吧？”或“刚才那位是不是这里的负责人？”），结合选项的细微差别：

如果小周的语气是带有确认感的询问，通常对应的是 **D**。

**答案：D**",D,confirmation,B,neutral,False,False
confirmatory,F02,F02_bare,bare,gemini-3-flash-preview,"由于你提供的情景中没有给出小林具体说了哪句话，我将根据常见的语言表达习惯为你推断：

如果小林说的是：
1. **“这部电影是周五上映吧？”** —— 对应 **B**（有倾向但求确认）
2. **“这部电影周五上映。”** —— 对应 **C**（陈述事实）
3. **“这部电影什么时候上映？周五吗？”** —— 对应 **D**（纯粹询问）
4. **“我们要不周五去看这部电影？”** —— 对应 **A**（建议）

**请提供小林说的具体那句话，以便我给出准确的字母选项。**",A,distractor,C,statement,False,False
confirmatory,F02,F02_ba,ba,gemini-3-flash-preview,"由于你提供的情景中没有给出小林具体说了哪句话，我将根据常见的语言表达习惯为你推断：

如果小林说的是：
1. **“这部电影是周五上映吧？”** —— 对应 **B**（有倾向但求确认）
2. **“这部电影周五上映。”** —— 对应 **C**（陈述事实）
3. **“这部电影什么时候上映？周五吗？”** —— 对应 **D**（纯粹询问）
4. **“我们要不周五去看这部电影？”** —— 对应 **A**（建议）

**请提供小林说的具体那句话，以便我给出准确的字母选项。**",A,distractor,B,confirmation,False,False
confirmatory,F02,F02_ma,ma,gemini-3-flash-preview,"由于你提供的情景中没有给出小林具体说了哪句话，我将根据常见的语言表达习惯为你推断：

如果小林说的是：
1. **“这部电影是周五上映吧？”** —— 对应 **B**（有倾向但求确认）
2. **“这部电影周五上映。”** —— 对应 **C**（陈述事实）
3. **“这部电影什么时候上映？周五吗？”** —— 对应 **D**（纯粹询问）
4. **“我们要不周五去看这部电影？”** —— 对应 **A**（建议）

**请提供小林说的具体那句话，以便我给出准确的字母选项。**",A,distractor,D,neutral,False,False
confirmatory,F04,F04_bare,bare,gemini-3-flash-preview,"由于你没有提供小林具体说了哪句话，但根据这类语文/逻辑测试题的常见语境（通常小林的话带有“吧”、“是不是”或“应该是……吧”等语气助词），这类情景对话中说话人的态度通常是**倾向于某个结论但留有余地**。

如果小林说的是类似“那是他的舍友吧？”或“他应该是他的舍友吧？”，那么最符合的选项是：

**D**",D,confirmation,A,statement,False,False
confirmatory,F04,F04_ba,ba,gemini-3-flash-preview,"由于你没有提供小林具体说了哪句话，但根据这类语文/逻辑测试题的常见语境（通常小林的话带有“吧”、“是不是”或“应该是……吧”等语气助词），这类情景对话中说话人的态度通常是**倾向于某个结论但留有余地**。

如果小林说的是类似“那是他的舍友吧？”或“他应该是他的舍友吧？”，那么最符合的选项是：

**D**",D,confirmation,D,confirmation,True,False
confirmatory,F04,F04_ma,ma,gemini-3-flash-preview,"由于你没有提供小林具体说了哪句话，但根据这类语文/逻辑测试题的常见语境（通常小林的话带有“吧”、“是不是”或“应该是……吧”等语气助词），这类情景对话中说话人的态度通常是**倾向于某个结论但留有余地**。

如果小林说的是类似“那是他的舍友吧？”或“他应该是他的舍友吧？”，那么最符合的选项是：

**D**",D,confirmation,C,neutral,False,False
confirmatory,F07,F07_bare,bare,gemini-3-flash-preview,"由于你提供的对话情景中缺失了小姜具体说的那句话，我将根据此类题目常见的语境逻辑进行推断。

如果小姜说的是类似“**那间会议室现在应该是空的吧？**”或“**那间会议室没人吧？**”这类带有推测性语气词的句子：

答案：**A**",A,confirmation,B,statement,False,False
confirmatory,F07,F07_ba,ba,gemini-3-flash-preview,"由于你没有提供小姜具体说的那句话，但根据这类逻辑测试题的常见语境（通常小姜说的是“那间会议室现在应该是空的吧？”或类似的推测性疑问句），最符合逻辑的答案通常是：

**A**",A,confirmation,A,confirmation,True,False
confirmatory,F07,F07_ma,ma,gemini-3-flash-preview,"由于你提供的对话情景中缺失了小姜具体说的那句话，我将根据此类题目常见的语境逻辑进行推断。

如果小姜说的是类似“**那间会议室现在应该是空的吧？**”或“**那间会议室没人吧？**”这类带有推测性语气词的句子：

答案：**A**",A,confirmation,C,neutral,False,False
confirmatory,F14,F14_bare,bare,gemini-3-flash-preview,"由于你提供的对话情景中缺失了小陈具体说的那句话，但根据这类逻辑题的常见语境（通常小陈会说类似“小李估计也看了”或“小李应该也看了吧”之类的话），结合选项的细微差别：

**D**",D,confirmation,B,statement,False,False
confirmatory,F14,F14_ba,ba,gemini-3-flash-preview,"由于你提供的对话情景中缺失了小陈具体说的那句话，但根据这类逻辑题的常见语境（通常小陈会说类似“小李估计也看了”或“小李应该也看了吧”之类的话），结合选项的细微差别：

**D**",D,confirmation,D,confirmation,True,False
confirmatory,F14,F14_ma,ma,gemini-3-flash-preview,"由于你提供的对话情景中缺失了小陈具体说的那句话，但根据这类逻辑题的常见语境（通常小陈会说类似“小李估计也看了”或“小李应该也看了吧”之类的话），结合选项的细微差别：

**D**",D,confirmation,C,neutral,False,False
confirmatory,F15,F15_bare,bare,gemini-3-flash-preview,"由于你提供的对话情景中缺失了阿新具体说的那句话，我将根据此类题目常见的语境逻辑进行推断。

如果阿新的话是：**“阿杰明天也会来吧？”** 或 **“阿杰明天应该会来吧？”**

答案：**A**",A,confirmation,B,statement,False,False
confirmatory,F15,F15_ba,ba,gemini-3-flash-preview,"由于你提供的对话情景中缺失了阿新具体说的那句话，我将根据此类题目常见的语境逻辑进行推断。

如果阿新的话是：**“阿杰明天也会来吧？”** 或 **“阿杰明天应该会来吧？”**

答案：**A**",A,confirmation,A,confirmation,True,False
confirmatory,F15,F15_ma,ma,gemini-3-flash-preview,"由于你提供的对话情景中缺失了阿新具体说的那句话，我将根据此类题目常见的语境逻辑进行推断。

如果阿新的话是：**“阿杰明天也会来吧？”** 或 **“阿杰明天应该会来吧？”**

答案：**A**",A,confirmation,D,neutral,False,False
confirmatory,F16,F16_bare,bare,gemini-3-flash-preview,"由于你提供的对话情景中缺失了小涵具体说的那句话，我将根据此类语境中常见的表达方式进行推断。

如果小涵说的是类似“**小欣晚点也会来视频的吧？**”或“**小欣晚点应该也会来视频吧？**”这样的话：

答案：**C**",C,confirmation,A,statement,False,False
confirmatory,F16,F16_ba,ba,gemini-3-flash-preview,"由于你提供的对话情景中缺失了小涵具体说的那句话，我将根据此类语境中常见的表达方式进行推断。

如果小涵说的是类似“**小欣晚点也会来视频的吧？**”或“**小欣晚点应该也会来视频吧？**”这样的话：

答案：**C**",C,confirmation,C,confirmation,True,False
confirmatory,F16,F16_ma,ma,gemini-3-flash-preview,"由于你提供的对话情景中缺失了小涵具体说的那句话，我将根据此类语境中常见的表达方式进行推断。

如果小涵说的是类似“**小欣晚点也会来视频的吧？**”或“**小欣晚点应该也会来视频吧？**”这样的话：

答案：**C**",C,confirmation,B,neutral,False,False
confirmatory,F17,F17_bare,bare,gemini-3-flash-preview,"由于你没有提供小齐具体说了哪句话，我根据此类题目常见的语境（通常带有“还没……吧？”或“应该还在……”等语气）以及选项的逻辑细微差别进行推断：

如果小齐说的是类似“那条路现在**还没**修好吧？”或“那条路**应该**还在施工吧？”这种带有推测性语气的疑问句，通常表达的是一种“倾向于某种判断但又不完全确定”的心理。

答案：**B**",B,confirmation,A,statement,False,False
confirmatory,F17,F17_ba,ba,gemini-3-flash-preview,"由于你没有提供小齐具体说了哪句话，我根据此类题目常见的语境（通常带有“还没……吧？”或“应该还在……”等语气）以及选项的逻辑细微差别进行推断：

如果小齐说的是类似“那条路现在**还没**修好吧？”或“那条路**应该**还在施工吧？”这种带有推测性语气的疑问句，通常表达的是一种“倾向于某种判断但又不完全确定”的心理。

答案：**B**",B,confirmation,B,confirmation,True,False
confirmatory,F17,F17_ma,ma,gemini-3-flash-preview,"由于你没有提供小齐具体说了哪句话，我根据此类题目常见的语境（通常带有“还没……吧？”或“应该还在……”等语气）以及选项的逻辑细微差别进行推断：

如果小齐说的是类似“那条路现在**还没**修好吧？”或“那条路**应该**还在施工吧？”这种带有推测性语气的疑问句，通常表达的是一种“倾向于某种判断但又不完全确定”的心理。

答案：**B**",B,confirmation,D,neutral,False,False
confirmatory,F20,F20_bare,bare,gemini-3-flash-preview,"由于你提供的对话情景中缺失了小赵具体说的那句话，我将根据此类语境中常见的表达方式进行推断：

如果小赵说的是：**“那批样品是明天下午到吧？”** 或 **“样品明天下午到？”**

答案：**C**",C,confirmation,A,statement,False,False
confirmatory,F20,F20_ba,ba,gemini-3-flash-preview,"由于你提供的对话情景中缺失了小赵具体说的那句话，我将根据此类语境中常见的表达方式进行推断：

如果小赵说的是：**“那批样品是明天下午到吧？”** 或 **“样品明天下午到？”**

答案：**C**",C,confirmation,C,confirmation,True,False
confirmatory,F20,F20_ma,ma,gemini-3-flash-preview,"由于你提供的对话情景中缺失了小赵具体说的那句话，我将根据此类语境中常见的表达方式进行推断：

如果小赵说的是：**“那批样品是明天下午到吧？”** 或 **“样品明天下午到？”**

答案：**C**",C,confirmation,B,neutral,False,False
confirmatory,F21,F21_bare,bare,gemini-3-flash-preview,"由于你提供的对话情景中没有给出小林具体说的那句话，但根据这类逻辑题的常见语境（通常原句为“那家店**是不是**小雨家开的？”或“那家店**该不会是**小雨家开的吧？”），结合选项的细微差别：

如果小林使用了“是不是”或类似的推测性语气，且背景中提到该店开在小雨家原有的两家店旁边，这构成了合理的推论基础。

**答案：A**",A,confirmation,D,statement,False,False
confirmatory,F21,F21_ba,ba,gemini-3-flash-preview,"由于你提供的对话情景中没有给出小林具体说的那句话，但根据这类逻辑题的常见语境（通常原句为“那家店**是不是**小雨家开的？”或“那家店**该不会是**小雨家开的吧？”），结合选项的细微差别：

如果小林使用了“是不是”或类似的推测性语气，且背景中提到该店开在小雨家原有的两家店旁边，这构成了合理的推论基础。

**答案：A**",A,confirmation,A,confirmation,True,False
confirmatory,F21,F21_ma,ma,gemini-3-flash-preview,"由于你提供的对话情景中没有给出小林具体说的那句话，但根据这类逻辑题的常见语境（通常原句为“那家店**是不是**小雨家开的？”或“那家店**该不会是**小雨家开的吧？”），结合选项的细微差别：

如果小林使用了“是不是”或类似的推测性语气，且背景中提到该店开在小雨家原有的两家店旁边，这构成了合理的推论基础。

**答案：A**",A,confirmation,B,neutral,False,False
confirmatory,F23,F23_bare,bare,gemini-3-flash-preview,"由于你提供的情景中缺失了小林具体说的那句话，我将根据这类题目常见的语境逻辑进行推断。

如果小林说的是类似“**那场比赛应该是校内赛吧？**”或“**我记得那场是校内赛？**”这样带有推测性语气词或疑问标点的句子：

答案：**A**",A,confirmation,B,statement,False,False
confirmatory,F23,F23_ba,ba,gemini-3-flash-preview,"由于你提供的情景中缺失了小林具体说的那句话，我将根据这类题目常见的语境逻辑进行推断。

如果小林说的是类似“**那场比赛应该是校内赛吧？**”或“**我记得那场是校内赛？**”这样带有推测性语气词或疑问标点的句子：

答案：**A**",A,confirmation,A,confirmation,True,False
confirmatory,F23,F23_ma,ma,gemini-3-flash-preview,"由于你提供的情景中缺失了小林具体说的那句话，我将根据这类题目常见的语境逻辑进行推断。

如果小林说的是类似“**那场比赛应该是校内赛吧？**”或“**我记得那场是校内赛？**”这样带有推测性语气词或疑问标点的句子：

答案：**A**",A,confirmation,D,neutral,False,False
confirmatory,F24,F24_bare,bare,gemini-3-flash-preview,"由于你提供的对话情景中缺失了小陈具体说的那句话，我根据此类题目常见的语境（通常包含“吧”、“是不是”、“应该是……吧”等语气词）以及选项的逻辑分布进行推断：

如果小陈的话是类似“这报告应该是外包团队做的吧？”或“这报告是不是外包团队写的？”

**答案：C**",C,confirmation,B,statement,False,False
confirmatory,F24,F24_ba,ba,gemini-3-flash-preview,"由于你提供的对话情景中缺失了小陈具体说的那句话，我根据此类题目常见的语境（通常包含“吧”、“是不是”、“应该是……吧”等语气词）以及选项的逻辑分布进行推断：

如果小陈的话是类似“这报告应该是外包团队做的吧？”或“这报告是不是外包团队写的？”

**答案：C**",C,confirmation,C,confirmation,True,False
confirmatory,F24,F24_ma,ma,gemini-3-flash-preview,"由于你提供的对话情景中缺失了小陈具体说的那句话，我根据此类题目常见的语境（通常包含“吧”、“是不是”、“应该是……吧”等语气词）以及选项的逻辑分布进行推断：

如果小陈的话是类似“这报告应该是外包团队做的吧？”或“这报告是不是外包团队写的？”

**答案：C**",C,confirmation,D,neutral,False,False
confirmatory,F25,F25_bare,bare,gemini-3-flash-preview,"由于你提供的对话情景中缺失了小赵具体说的那句话，我将根据此类题目常见的语境和表达方式进行推断：

如果小赵说的是：“**听说现在老小区停车是按月收费了吧？**” 或 “**老小区现在是按月收费了吧？**”

这种带有“吧”字且基于“听说”或“近况”的陈述，通常表示说话人有一定的依据，但仍需对方证实。

答案：**B**",B,confirmation,D,statement,False,False
confirmatory,F25,F25_ba,ba,gemini-3-flash-preview,"由于你提供的对话情景中缺失了小赵具体说的那句话，我将根据此类题目常见的语境和表达方式进行推断：

如果小赵说的是：“**听说现在老小区停车是按月收费了吧？**” 或 “**老小区现在是按月收费了吧？**”

这种带有“吧”字且基于“听说”或“近况”的陈述，通常表示说话人有一定的依据，但仍需对方证实。

答案：**B**",B,confirmation,B,confirmation,True,False
confirmatory,F25,F25_ma,ma,gemini-3-flash-preview,"由于你提供的对话情景中缺失了小赵具体说的那句话，我将根据此类题目常见的语境和表达方式进行推断：

如果小赵说的是：“**听说现在老小区停车是按月收费了吧？**” 或 “**老小区现在是按月收费了吧？**”

这种带有“吧”字且基于“听说”或“近况”的陈述，通常表示说话人有一定的依据，但仍需对方证实。

答案：**B**",B,confirmation,C,neutral,False,False
confirmatory,F27,F27_bare,bare,gemini-3-flash-preview,"由于你提供的对话情景中缺失了小李具体说的那句话，我将根据此类题目常见的逻辑进行推断：

如果小李说的是“**山脚那段步道最近积水是不是很严重？**”或“**山脚那段步道最近积水很严重吧？**”，通常带有推测性的倾向。

但根据题目描述“最近经常下雨”这一背景，以及通常此类语境分析题的逻辑，最符合社交直觉的答案通常是：

**A**",A,confirmation,D,statement,False,False
confirmatory,F27,F27_ba,ba,gemini-3-flash-preview,"由于你提供的对话情景中缺失了小李具体说的那句话，我将根据此类题目常见的逻辑进行推断：

如果小李说的是“**山脚那段步道最近积水是不是很严重？**”或“**山脚那段步道最近积水很严重吧？**”，通常带有推测性的倾向。

但根据题目描述“最近经常下雨”这一背景，以及通常此类语境分析题的逻辑，最符合社交直觉的答案通常是：

**A**",A,confirmation,A,confirmation,True,False
confirmatory,F27,F27_ma,ma,gemini-3-flash-preview,"由于你提供的对话情景中缺失了小李具体说的那句话，我将根据此类题目常见的逻辑进行推断：

如果小李说的是“**山脚那段步道最近积水是不是很严重？**”或“**山脚那段步道最近积水很严重吧？**”，通常带有推测性的倾向。

但根据题目描述“最近经常下雨”这一背景，以及通常此类语境分析题的逻辑，最符合社交直觉的答案通常是：

**A**",A,confirmation,C,neutral,False,False
confirmatory,F28,F28_bare,bare,gemini-3-flash-preview,"由于你提供的对话情景中缺失了小吴具体说的那句话，我将根据常见的语境逻辑进行推断。

如果小吴说的是类似“**那台电脑应该还能用吧？**”或“**旧系统现在还能打开吗？**”这类带有推测性语气词（如“吧”、“吗”）的句子：

答案：**C**",C,confirmation,D,statement,False,False
confirmatory,F28,F28_ba,ba,gemini-3-flash-preview,"由于你提供的对话情景中缺失了小吴具体说的那句话，我将根据常见的语境逻辑进行推断。

如果小吴说的是类似“**那台电脑应该还能用吧？**”或“**旧系统现在还能打开吗？**”这类带有推测性语气词（如“吧”、“吗”）的句子：

答案：**C**",C,confirmation,C,confirmation,True,False
confirmatory,F28,F28_ma,ma,gemini-3-flash-preview,"由于你提供的对话情景中缺失了小吴具体说的那句话，我将根据常见的语境逻辑进行推断。

如果小吴说的是类似“**那台电脑应该还能用吧？**”或“**旧系统现在还能打开吗？**”这类带有推测性语气词（如“吧”、“吗”）的句子：

答案：**C**",C,confirmation,A,neutral,False,False
confirmatory,F30,F30_bare,bare,gemini-3-flash-preview,D,D,confirmation,C,statement,False,False
confirmatory,F30,F30_ba,ba,gemini-3-flash-preview,D,D,confirmation,D,confirmation,True,False
confirmatory,F30,F30_ma,ma,gemini-3-flash-preview,D,D,confirmation,A,neutral,False,False
confirmatory,F32,F32_bare,bare,gemini-3-flash-preview,"由于你没有提供小林具体说了哪句话，我将根据这类语境中常见的表达方式进行推断：

如果小林说的是：**“小唐是不是调到别的组了？”** —— 答案通常是 **B**。
如果小林说的是：**“小唐不是调到别的组了吗？”** —— 答案通常是 **C**。
如果小林说的是：**“我记得小唐好像调到别的组了？”** —— 答案通常是 **A**。

**但在标准的语文/逻辑测试情景下，这类题目通常对应的是：**
**C**",C,statement,C,statement,True,False
confirmatory,F32,F32_ba,ba,gemini-3-flash-preview,"由于你没有提供小林具体说了哪句话，我将根据这类语境中常见的表达方式进行推断：

如果小林说的是：**“小唐是不是调到别的组了？”** —— 答案通常是 **B**。
如果小林说的是：**“小唐不是调到别的组了吗？”** —— 答案通常是 **C**。
如果小林说的是：**“我记得小唐好像调到别的组了？”** —— 答案通常是 **A**。

**但在标准的语文/逻辑测试情景下，这类题目通常对应的是：**
**C**",C,statement,A,confirmation,False,False
confirmatory,F32,F32_ma,ma,gemini-3-flash-preview,"由于你没有提供小林具体说了哪句话，我将根据这类语境中常见的表达方式进行推断：

如果小林说的是：**“小唐是不是调到别的组了？”** —— 答案通常是 **B**。
如果小林说的是：**“小唐不是调到别的组了吗？”** —— 答案通常是 **C**。
如果小林说的是：**“我记得小唐好像调到别的组了？”** —— 答案通常是 **A**。

**但在标准的语文/逻辑测试情景下，这类题目通常对应的是：**
**C**",C,statement,B,neutral,False,False
confirmatory,F34,F34_bare,bare,gemini-3-flash-preview,"由于你提供的对话情景中缺失了小吴具体说的那句话，我将根据常见的语境逻辑进行推断。

如果小吴说的是类似“**新实验室是九月启用吧？**”或“**新实验室应该是九月启用？**”这类带有确认语气的疑问句，最符合的选项是：

**B**",B,confirmation,C,statement,False,False
confirmatory,F34,F34_ba,ba,gemini-3-flash-preview,"由于你提供的对话情景中缺失了小吴具体说的那句话，我将根据常见的语境逻辑进行推断。

如果小吴说的是类似“**新实验室是九月启用吧？**”或“**新实验室应该是九月启用？**”这类带有确认语气的疑问句，最符合的选项是：

**B**",B,confirmation,B,confirmation,True,False
confirmatory,F34,F34_ma,ma,gemini-3-flash-preview,"由于你提供的对话情景中缺失了小吴具体说的那句话，我将根据常见的语境逻辑进行推断：

如果小吴说的是类似“**新实验室是九月启用吧？**”或“**新实验室应该是九月启用？**”这样带有确认语气的疑问句，通常反映了说话人已有初步信息但需进一步核实的心理。

在标准的中文语境理解题目中，这类表达通常对应：
**B**",B,confirmation,D,neutral,False,False
confirmatory,F35,F35_bare,bare,gemini-3-flash-preview,"由于你提供的对话情景中没有给出小张具体说了哪句话，但根据选项的逻辑推断，这类语境通常对应的是类似“小陈是不是下周四答辩来着？”或者“小陈好像是下周四吧？”之类的询问。

在社交语境中，这种表达通常带有一定的记忆印象，但又需要对方最终确认。

答案：D",D,confirmation,A,statement,False,False
confirmatory,F35,F35_ba,ba,gemini-3-flash-preview,"由于你提供的对话情景中没有给出小张具体说了哪句话，但根据选项的逻辑推断，这类语境通常对应的是类似“小陈是不是下周四答辩来着？”或者“小陈好像是下周四吧？”之类的询问。

在社交语境中，这种表达通常带有一定的记忆印象，但又需要对方最终确认。

答案：D",D,confirmation,D,confirmation,True,False
confirmatory,F35,F35_ma,ma,gemini-3-flash-preview,"由于你提供的对话情景中没有给出小张具体说了哪句话，但根据选项的逻辑推断，这类语境通常对应的是类似“小陈是不是下周四答辩来着？”或者“小陈好像是下周四吧？”之类的询问。

在社交语境中，这种表达通常带有一定的记忆印象，但又需要对方最终确认。

答案：D",D,confirmation,B,neutral,False,False
confirmatory,F36,F36_bare,bare,gemini-3-flash-preview,"由于你没有提供小宋具体说了哪句话，我根据此类题目常见的语境（通常带有“吧”、“是不是”、“听说”等语气词或特定标点）进行了推断。

如果小宋说的是类似“**评审结果是下周一出来吧？**”或“**我记得评审结果是下周一出？**”这样的话：

答案：**B**",B,confirmation,A,statement,False,False
confirmatory,F36,F36_ba,ba,gemini-3-flash-preview,"由于你没有提供小宋具体说了哪句话，我根据此类题目常见的语境（通常带有“吧”、“是不是”、“听说”等语气词或特定标点）进行了推断。

如果小宋说的是类似“**评审结果是下周一出来吧？**”或“**我记得评审结果是下周一出？**”这样的话：

答案：**B**",B,confirmation,B,confirmation,True,False
confirmatory,F36,F36_ma,ma,gemini-3-flash-preview,"由于你没有提供小宋具体说了哪句话，我根据此类题目常见的语境（通常带有“吧”、“是不是”、“听说”等语气词或特定标点）进行了推断。

如果小宋说的是类似“**评审结果是下周一出来吧？**”或“**我记得评审结果是下周一出？**”这样的话：

答案：**B**",B,confirmation,C,neutral,False,False
exploratory,F06,F06_bare,bare,gemini-3-flash-preview,"由于你没有提供佳佳具体说的那句话，但根据这类语文/逻辑测试题的常见语境，如果佳佳说的是“**涵涵应该去过巴黎吧？**”或“**涵涵去过巴黎的吧？**”，其态度通常为：

**C**",C,confirmation,B,statement,False,False
exploratory,F06,F06_ba,ba,gemini-3-flash-preview,"由于你提供的对话情景中缺失了佳佳具体说的那句话，但根据问题描述的逻辑和选项的细微差别，这通常对应语言学中对**“涵涵应该去过巴黎吧？”**或**“涵涵去过巴黎的吧？”**这类句式的分析。

在中文语境下，这种带有推测性助词的表达通常表示说话人有一定的倾向性，但仍需对方确认。

答案：**C**",C,confirmation,B,statement,False,False
exploratory,F06,F06_ma,ma,gemini-3-flash-preview,"由于你没有提供佳佳具体说的那句话，但根据这类语文/逻辑测试题的常见语境，如果佳佳说的是“**涵涵应该去过巴黎吧？**”或“**涵涵去过巴黎的吧？**”，其态度通常为：

**C**",C,confirmation,D,neutral,False,False
exploratory,F11,F11_bare,bare,gemini-3-flash-preview,"由于你提供的情景描述中缺失了小张具体说的那句话，但根据这类语义测试的常见逻辑和选项设置，通常对应的话语是“**小周是不是这门课的助教？**”或“**小周是这门课的助教吧？**”。

在中文语境下，这种在已有一定信息基础（大家都在消息中见过名字）后的询问，通常表达一种“倾向于肯定但需确认”的态度。

答案：**C**",C,confirmation,B,statement,False,False
exploratory,F11,F11_ba,ba,gemini-3-flash-preview,"由于你提供的情景描述中缺失了小张具体说的那句话，但根据这类语义测试的常见逻辑和选项设置，通常对应的话语是“**小周是不是这门课的助教？**”或“**小周是这门课的助教吧？**”。

在中文语境下，这种在已有一定信息基础（大家都在消息中见过名字）后的询问，通常表达一种“倾向于肯定但需确认”的态度。

答案：**C**",C,confirmation,C,confirmation,True,False
exploratory,F11,F11_ma,ma,gemini-3-flash-preview,"由于你提供的情景描述中缺失了小张具体说的那句话，但根据这类语义测试的常见逻辑和选项设置，通常对应的话语是“**小周是不是这门课的助教？**”或“**小周是这门课的助教吧？**”。

在中文语境下，这种在已有一定信息基础（大家都在消息中见过名字）后的询问，通常表达一种“倾向于肯定但需确认”的态度。

答案：**C**",C,confirmation,C,confirmation,True,False
exploratory,F12,F12_bare,bare,gemini-3-flash-preview,"由于你提供的对话情景中缺失了小孙具体说的那句话，但根据选项的逻辑推断，这类题目通常对应的是一种**带有推测语气的陈述句或反问句**（例如：“那家公司最近是不是搬新址了？”或“我记得那家公司最近好像搬新址了吧？”）。

在职场沟通语境下，这种表达通常反映了说话人**有一定的印象（倾向于认为），但为了严谨而寻求确认**。

答案：**B**",B,confirmation,D,statement,False,False
exploratory,F12,F12_ba,ba,gemini-3-flash-preview,"由于你提供的对话情景中缺失了小孙具体说的那句话，但根据选项的逻辑推断，这类题目通常对应的是一种**带有推测语气的陈述句或反问句**（例如：“那家公司最近是不是搬新址了？”或“我记得那家公司最近好像搬新址了吧？”）。

在职场沟通语境下，这种表达通常反映了说话人**有一定的印象（倾向于认为），但为了严谨而寻求确认**。

答案：**B**",B,confirmation,B,confirmation,True,False
exploratory,F12,F12_ma,ma,gemini-3-flash-preview,"由于你提供的对话情景中缺失了小孙具体说的那句话，但根据选项的逻辑推断，这类题目通常对应的是一种**带有推测语气的陈述句或反问句**（例如：“那家公司最近是不是搬新址了？”或“我记得那家公司最近好像搬新址了吧？”）。

在职场沟通语境下，这种表达通常反映了说话人**有一定的印象（倾向于认为），但为了严谨而寻求确认**。

答案：**B**",B,confirmation,B,confirmation,True,False
exploratory,F13,F13_bare,bare,gemini-3-flash-preview,"由于你提供的对话情景中缺失了小王具体说的那句话，我将根据此类语境中常见的表达方式进行推断。

如果小王说的是：“**兰兰应该是熟悉这套系统的吧？**” 或 “**兰兰对这套系统挺熟的吧？**”

答案：**A**",A,confirmation,C,statement,False,False
exploratory,F13,F13_ba,ba,gemini-3-flash-preview,"由于你提供的对话情景中缺失了小王具体说的那句话，我将根据此类语境中常见的表达方式（如“兰兰应该熟悉这套系统吧？”或“兰兰是不是用过这套系统？”）以及题目设计的逻辑进行推断。

在职场讨论背景下，提到不在场的第三方并询问其能力，通常带有一定的倾向性判断，但又因不在场而需要对方佐证。

**答案：A**",A,confirmation,A,confirmation,True,False
exploratory,F13,F13_ma,ma,gemini-3-flash-preview,"由于你提供的对话情景中缺失了小王具体说的那句话，我将根据此类语境中常见的表达方式进行推断。

如果小王说的是：“**兰兰应该是熟悉这套系统的吧？**” 或 “**兰兰对这套系统挺熟的吧？**”

答案：**A**",A,confirmation,A,confirmation,True,False
exploratory,F18,F18_bare,bare,gemini-3-flash-preview,"由于你没有提供小林具体说的那句话，我根据此类题目常见的语境（通常是“听说老校区最近在装修吧？”或“老校区最近是不是在装修？”这类带有推测或询问性质的语气）进行推断：

如果小林的话语带有“听说”、“是不是”等词汇，且背景是“听学弟学妹提起”，这通常表达一种**基于传闻的推测并寻求确认**。

答案：**B**",B,confirmation,D,statement,False,False
exploratory,F18,F18_ba,ba,gemini-3-flash-preview,"由于你提供的对话情景中缺失了小林具体说的那句话，我将根据此类语感测试题的常见逻辑进行推断：

如果小林说的是：“**老校区最近是不是在装修啊？**”
答案通常为：**B**

如果小林说的是：“**老校区最近在装修吧？**”
答案通常为：**D**

如果小林说的是：“**老校区最近在装修吗？**”
答案通常为：**A**

**请提供小林说的那句具体的话，以便我给出准确的选项字母。** 如果这道题是基于常见的中文语感考题，且小林使用了“是不是……啊”或“听说……吧”这类带有推测性的询问，通常选 **B**。",B,confirmation,A,neutral,False,False
exploratory,F18,F18_ma,ma,gemini-3-flash-preview,"由于你提供的对话情景中缺失了小林具体说的那句话，我将根据此类语感测试题的常见逻辑进行推断：

如果小林说的是：“**老校区最近是不是在装修啊？**”
答案通常为：**B**

如果小林说的是：“**老校区最近在装修吧？**”
答案通常为：**D**

如果小林说的是：“**老校区最近在装修吗？**”
答案通常为：**A**

**请提供小林说的那句具体的话，以便我给出准确的选项字母。** 如果这道题是基于常见的中文语感考题，且小林使用了“是不是……啊”或“听说……吧”这类带有推测性的询问，通常选 **B**。",B,confirmation,A,neutral,False,False
exploratory,F33,F33_bare,bare,gemini-3-flash-preview,"由于你提供的对话情景中缺失了小梁具体说的那句话，但根据问题中提供的选项逻辑（尤其是C和D的区别通常在于语气的确定程度），在类似的语境中：

如果小梁说的是“**下个月银杏该黄了吧？**”或“**下个月银杏应该就黄了吧？**”

这类表达通常带有推测性质，并带有寻求对方认同的倾向。

**答案：C**",C,confirmation,D,statement,False,False
exploratory,F33,F33_ba,ba,gemini-3-flash-preview,"由于你提供的对话情景中缺失了小梁具体说的那句话，但根据问题中提供的选项逻辑（尤其是C和D的区别通常在于语气的确定程度），在类似的语境中：

如果小梁说的是“**下个月银杏该黄了吧？**”或“**下个月银杏应该就黄了吧？**”

这类表达通常带有推测性质，并带有寻求对方认同的倾向。

**答案：C**",C,confirmation,D,statement,False,False
exploratory,F33,F33_ma,ma,gemini-3-flash-preview,"由于你提供的对话情景中缺失了小梁具体说的那句话，但根据问题中提供的选项逻辑（尤其是C和D的区别通常在于语气的确定程度），在类似的语境中：

如果小梁说的是“**下个月银杏该黄了吧？**”或“**下个月银杏应该就黄了吧？**”

这类表达通常带有推测性质，并带有寻求对方认同的倾向。

**答案：C**",C,confirmation,C,confirmation,True,False
